{"parameters/net.0.weight":{"_type":"histogram","values":[1,0,0,0,0,0,0,0,0,0,0,0,0,0,0,0,0,0,0,0,0,1,1,0,2,0,1,0,3,0,1,3,2,4,4,1,4,4,3,2,2,10,4,1,6,8,8,4,4,8,6,5,4,5,2,5,4,1,0,1,1,0,1,1],"bins":[-2.1376311779022217,-2.092024087905884,-2.046416997909546,-2.000809907913208,-1.9552028179168701,-1.9095957279205322,-1.8639886379241943,-1.8183815479278564,-1.7727744579315186,-1.7271673679351807,-1.6815602779388428,-1.6359531879425049,-1.5903462171554565,-1.5447391271591187,-1.4991320371627808,-1.4535249471664429,-1.407917857170105,-1.362310767173767,-1.3167036771774292,-1.2710965871810913,-1.2254894971847534,-1.179882526397705,-1.1342753171920776,-1.0886682271957397,-1.0430612564086914,-0.9974541664123535,-0.9518470764160156,-0.9062399864196777,-0.8606328964233398,-0.815025806427002,-0.7694187164306641,-0.7238116264343262,-0.6782044768333435,-0.6325973868370056,-0.5869902968406677,-0.5413832068443298,-0.49577611684799194,-0.45016902685165405,-0.40456193685531616,-0.35895484685897827,-0.3133477568626404,-0.26774078607559204,-0.22213369607925415,-0.17652654647827148,-0.13091951608657837,-0.08531242609024048,-0.03970533609390259,0.005901753902435303,0.05150884389877319,0.09711593389511108,0.14272302389144897,0.18833011388778687,0.23393720388412476,0.27954423427581787,0.32515132427215576,0.37075841426849365,0.41636550426483154,0.46197259426116943,0.5075796842575073,0.5531867742538452,0.5987938642501831,0.644400954246521,0.6900079846382141,0.735615074634552,0.7812221646308899]},"eval_reward":0,"parameters/net.2.bias":{"_type":"histogram","values":[1,0,0,0,1,1,0,1,1,2,2,2,1,3,1,3,4,0,1,5,0,2,6,2,3,1,6,3,1,1,1,1,1,1,1,1,1,0,0,0,0,1,0,0,0,0,1,0,0,0,0,0,0,0,0,0,0,0,0,0,0,0,0,1],"bins":[-0.1980481743812561,-0.18917766213417053,-0.18030716478824615,-0.17143666744232178,-0.1625661551952362,-0.15369564294815063,-0.14482514560222626,-0.13595464825630188,-0.1270841360092163,-0.11821363121271133,-0.10934312641620636,-0.10047262161970139,-0.09160211682319641,-0.08273161202669144,-0.07386110723018646,-0.06499060988426208,-0.056120097637176514,-0.04724958539009094,-0.038379088044166565,-0.029508590698242188,-0.020638078451156616,-0.011767566204071045,-0.0028970688581466675,0.00597342848777771,0.014843940734863281,0.023714452981948853,0.03258495032787323,0.04145544767379761,0.05032595992088318,0.05919647216796875,0.06806695461273193,0.0769374668598175,0.08580797910690308,0.09467849135398865,0.10354900360107422,0.1124194860458374,0.12128999829292297,0.13016051054000854,0.13903100788593292,0.1479015052318573,0.15677201747894287,0.16564252972602844,0.17451302707195282,0.1833835244178772,0.19225403666496277,0.20112454891204834,0.20999504625797272,0.2188655436038971,0.22773605585098267,0.23660656809806824,0.24547706544399261,0.254347562789917,0.26321807503700256,0.27208858728408813,0.2809590697288513,0.2898295819759369,0.29870009422302246,0.30757060647010803,0.3164411187171936,0.3253116011619568,0.33418211340904236,0.34305262565612793,0.3519231081008911,0.3607936203479767,0.36966413259506226]},"parameters/net.4.weight":{"_type":"histogram","values":[1,1,0,0,0,1,0,1,1,5,4,5,4,9,7,3,6,5,7,4,9,11,9,6,10,18,9,11,8,8,9,11,9,8,11,9,7,9,3,2,1,1,1,1,2,2,0,0,0,0,0,0,2,1,0,1,1,0,0,0,1,0,0,1],"bins":[-0.17709137499332428,-0.1697208285331726,-0.16235028207302094,-0.15497973561286926,-0.1476091891527176,-0.14023864269256592,-0.13286811113357544,-0.12549754977226257,-0.1181270107626915,-0.11075646430253983,-0.10338591784238815,-0.09601537138223648,-0.0886448323726654,-0.08127428591251373,-0.07390373945236206,-0.06653319299221039,-0.059162646532058716,-0.05179210007190704,-0.04442155361175537,-0.0370510071516037,-0.029680460691452026,-0.022309914231300354,-0.014939367771148682,-0.007568821310997009,-0.00019828975200653076,0.007172256708145142,0.014542803168296814,0.021913349628448486,0.02928389608860016,0.03665444254875183,0.0440249890089035,0.051395535469055176,0.058766067028045654,0.06613661348819733,0.073507159948349,0.08087770640850067,0.08824825286865234,0.09561879932880402,0.10298934578895569,0.11035989224910736,0.11773043870925903,0.1251009702682495,0.13247151672840118,0.13984206318855286,0.14721260964870453,0.1545831561088562,0.16195370256900787,0.16932424902915955,0.17669479548931122,0.1840653419494629,0.19143588840961456,0.19880643486976624,0.2061769813299179,0.21354752779006958,0.22091805934906006,0.22828862071037292,0.2356591522693634,0.24302971363067627,0.25040024518966675,0.2577708065509796,0.2651413381099701,0.27251189947128296,0.27988243103027344,0.2872529923915863,0.2946235239505768]},"gradients/net.4.bias":{"values":[1,0,0,0,0,0,0,0,0,0,0,0,0,0,0,0,0,0,0,0,0,0,0,0,0,0,0,0,0,0,0,0,0,0,0,0,0,0,0,0,0,0,0,0,0,0,0,0,0,0,0,0,0,0,0,0,0,0,0,0,0,0,1,2],"bins":[-0.002803465351462364,-0.002758400747552514,-0.002713336143642664,-0.0026682717725634575,-0.0026232071686536074,-0.0025781425647437572,-0.002533077960833907,-0.002488013356924057,-0.0024429489858448505,-0.0023978843819350004,-0.0023528197780251503,-0.0023077551741153,-0.00226269057020545,-0.0022176261991262436,-0.00217256136238575,-0.0021274969913065434,-0.0020824323873966932,-0.002037367783486843,-0.0019923034124076366,-0.0019472386920824647,-0.0019021742045879364,-0.0018571096006780863,-0.0018120449967682362,-0.0017669805092737079,-0.0017219159053638577,-0.0016768513014540076,-0.0016317868139594793,-0.0015867222100496292,-0.001541657606139779,-0.0014965931186452508,-0.0014515285147354007,-0.0014064640272408724,-0.0013613994233310223,-0.0013163348194211721,-0.0012712703319266438,-0.0012262057280167937,-0.0011811412405222654,-0.0011360766366124153,-0.0010910120327025652,-0.001045947545208037,-0.0010008829412981868,-0.0009558183373883367,-0.0009107538498938084,-0.0008656892459839582,-0.000820624700281769,-0.0007755601545795798,-0.0007304955506697297,-0.0006854310049675405,-0.0006403664592653513,-0.0005953019135631621,-0.0005502373678609729,-0.0005051727639511228,-0.00046010821824893355,-0.00041504367254674435,-0.0003699790977407247,-0.000324914522934705,-0.0002798499772325158,-0.0002347854315303266,-0.00018972085672430694,-0.0001446562964702025,-9.959173621609807e-05,-5.4527175961993635e-05,-9.4626157078892e-06,3.5601944546215236e-05,8.066650480031967e-05],"_type":"histogram"},"parameters/net.4.bias":{"bins":[0.21714067459106445,0.2196580171585083,0.22217534482479095,0.2246926873922348,0.22721002995967865,0.2297273725271225,0.23224470019340515,0.234762042760849,0.23727938532829285,0.2397967278957367,0.24231405556201935,0.2448313981294632,0.24734874069690704,0.2498660683631897,0.25238341093063354,0.2549007534980774,0.25741809606552124,0.2599354386329651,0.26245278120040894,0.2649700939655304,0.26748743653297424,0.2700047791004181,0.27252212166786194,0.2750394642353058,0.27755680680274963,0.2800741195678711,0.28259146213531494,0.2851088047027588,0.28762614727020264,0.2901434898376465,0.29266083240509033,0.2951781749725342,0.297695517539978,0.3002128303050995,0.30273017287254333,0.3052475154399872,0.30776485800743103,0.3102822005748749,0.3127995431423187,0.3153168559074402,0.31783419847488403,0.3203515410423279,0.32286888360977173,0.3253862261772156,0.3279035687446594,0.33042091131210327,0.3329382538795471,0.3354555666446686,0.3379729092121124,0.3404902517795563,0.3430075943470001,0.34552493691444397,0.3480422794818878,0.35055962204933167,0.3530769348144531,0.355594277381897,0.3581116199493408,0.36062896251678467,0.3631463050842285,0.36566364765167236,0.3681809902191162,0.37069830298423767,0.3732156455516815,0.37573298811912537,0.3782503306865692],"_type":"histogram","values":[1,0,0,0,0,0,0,0,0,0,0,0,0,0,0,0,0,0,0,0,0,0,0,0,0,0,0,0,0,0,0,0,0,0,0,0,0,1,0,0,1,0,0,0,0,0,0,0,0,0,0,0,0,0,0,0,0,0,0,0,0,0,0,1]},"gradients/net.2.bias":{"values":[1,0,0,0,0,0,0,0,0,0,0,0,0,0,0,0,0,0,0,0,0,0,0,0,0,1,0,0,0,0,0,0,0,0,0,0,0,0,0,0,0,1,0,0,0,0,0,0,0,0,0,0,0,0,0,0,0,0,0,0,0,1,59,1],