{"reward":1,"parameters/net.2.weight":{"bins":[-0.2132871150970459,-0.20192310214042664,-0.19055907428264618,-0.17919506132602692,-0.16783103346824646,-0.1564670205116272,-0.14510300755500793,-0.13373899459838867,-0.12237496674060822,-0.11101094633340836,-0.0996469259262085,-0.08828291296958923,-0.07691890001296997,-0.06555487215518951,-0.05419085919857025,-0.042826831340789795,-0.03146281838417053,-0.02009880542755127,-0.008734777569770813,0.0026292353868484497,0.013993263244628906,0.02535727620124817,0.03672128915786743,0.048085302114486694,0.05944931507110596,0.07081335783004761,0.08217737078666687,0.09354138374328613,0.1049053966999054,0.11626940965652466,0.1276334524154663,0.13899746537208557,0.15036147832870483,0.1617254912853241,0.17308950424194336,0.184453547000885,0.19581755995750427,0.20718157291412354,0.2185455858707428,0.22990959882736206,0.2412736415863037,0.252637654542923,0.26400166749954224,0.2753656804561615,0.28672969341278076,0.2980937361717224,0.3094577193260193,0.32082176208496094,0.3321857750415802,0.34354978799819946,0.3549138307571411,0.366277813911438,0.37764185667037964,0.3890058696269989,0.40036988258361816,0.4117338955402374,0.4230979084968567,0.43446195125579834,0.4458259642124176,0.45718997716903687,0.46855399012565613,0.4799180030822754,0.49128204584121704,0.5026460289955139,0.5140100717544556],"_type":"histogram","values":[1,1,0,0,1,1,3,1,0,0,2,0,2,0,3,2,3,1,1,2,2,4,2,2,3,3,3,3,4,2,0,2,1,1,2,1,3,3,1,0,2,2,0,1,2,1,0,0,2,1,0,1,1,0,0,0,0,0,0,0,0,0,0,1]},"episode":1000,"epsilon":0.05,"_runtime":30.8321013,"_timestamp":1.7501590609474173e+09,"_step":28712,"gradients/net.0.bias":{"_type":"histogram","values":[1,0,0,0,0,0,0,0,0,0,0,0,0,0,0,0,0,0,0,1,0,0,0,0,0,2,0,0,2,7,0,1,0,0,0,0,0,1,0,0,0,0,0,1,1,0,0,0,0,0,1,0,0,0,1,0,0,0,0,0,0,0,0,1],"bins":[-0.00197195983491838,-0.001904935808852315,-0.001837911899201572,-0.001770887873135507,-0.001703863963484764,-0.0016368399374186993,-0.0015698159113526344,-0.0015027918852865696,-0.0014357679756358266,-0.0013687440659850836,-0.0013017200399190187,-0.001234696013852954,-0.001167671987786889,-0.001100648078136146,-0.0010336240520700812,-0.0009666001424193382,-0.0008995761163532734,-0.0008325520902872086,-0.0007655281806364655,-0.0006985041545704007,-0.0006314802449196577,-0.0005644562188535929,-0.000497432192787528,-0.00043040828313678503,-0.0003633842570707202,-0.00029636023100465536,-0.00022933632135391235,-0.00016231229528784752,-9.528826922178268e-05,-2.8264359571039677e-05,3.875955007970333e-05,0.00010578357614576817,0.000172807602211833,0.00023983162827789783,0.00030685565434396267,0.0003738795639947057,0.0004409034736454487,0.0005079274997115135,0.0005749515257775784,0.0006419754354283214,0.0007089994614943862,0.000776023487560451,0.000843047397211194,0.0009100714232772589,0.0009770954493433237,0.0010441193589940667,0.0011111433850601315,0.0011781672947108746,0.0012451913207769394,0.0013122153468430042,0.0013792392564937472,0.001446263282559812,0.001513287192210555,0.00158031121827662,0.0016473352443426847,0.0017143592704087496,0.0017813831800594926,0.0018484070897102356,0.0019154311157763004,0.0019824551418423653,0.00204947916790843,0.002116503193974495,0.002183526987209916,0.002250551013275981,0.002317575039342046]},"parameters/net.2.bias":{"_type":"histogram","values":[1,0,0,0,0,0,0,0,0,0,0,0,0,0,0,0,0,0,0,0,0,0,0,1,0,0,0,0,0,0,0,0,0,0,0,0,0,0,0,0,0,0,0,0,0,0,0,0,0,0,0,0,1,0,0,0,0,0,0,0,0,0,0,1],"bins":[-0.013048251159489155,-0.007238673511892557,-0.0014290958642959595,0.0043804822489619255,0.010190059430897236,0.01599963754415512,0.02180921658873558,0.02761879190802574,0.0334283709526062,0.03923794999718666,0.04504752531647682,0.05085710063576698,0.05666668340563774,0.0624762587249279,0.06828583031892776,0.07409541308879852,0.07990498840808868,0.08571456372737885,0.0915241464972496,0.09733372181653976,0.10314329713582993,0.10895287990570068,0.11476244777441025,0.1205720379948616,0.12638162076473236,0.13219119608402252,0.13800077140331268,0.14381034672260284,0.149619922041893,0.15542951226234436,0.16123908758163452,0.16704866290092468,0.17285822331905365,0.1786677986383438,0.18447737395763397,0.19028694927692413,0.1960965394973755,0.20190611481666565,0.2077156901359558,0.21352526545524597,0.21933484077453613,0.2251444160938263,0.23095400631427765,0.23676356673240662,0.24257315695285797,0.24838273227214813,0.2541922926902771,0.26000189781188965,0.2658114731311798,0.27162104845046997,0.27743062376976013,0.2832401990890503,0.28904977440834045,0.2948593497276306,0.3006689250469208,0.30647850036621094,0.3122880756855011,0.31809765100479126,0.3239072561264038,0.32971683144569397,0.33552640676498413,0.3413359820842743,0.34714555740356445,0.3529551327228546,0.3587647080421448]},"gradients/net.0.weight":{"bins":[-0.0019103235099464655,-0.001852282090112567,-0.0017942407866939902,-0.0017361994832754135,-0.001678158063441515,-0.0016201166436076164,-0.0015620753401890397,-0.001504034036770463,-0.0014459926169365644,-0.001387951197102666,-0.0013299098936840892,-0.0012718685902655125,-0.001213827170431614,-0.0011557857505977154,-0.0010977444471791387,-0.001039703143760562,-0.0009816617239266634,-0.0009236203040927649,-0.0008655790006741881,-0.0008075376972556114,-0.0007494962774217129,-0.0006914548575878143,-0.0006334135541692376,-0.0005753722507506609,-0.0005173308309167624,-0.0004592894110828638,-0.0004012481076642871,-0.0003432068042457104,-0.00028516538441181183,-0.00022712396457791328,-0.00016908266115933657,-0.00011104135774075985,-5.2999937906861305e-05,5.041481927037239e-06,6.308278534561396e-05,0.00012112408876419067,0.00017916550859808922,0.00023720692843198776,0.0002952482318505645,0.0003532895352691412,0.00041133095510303974,0.0004693723749369383,0.000527413678355515,0.0005854549817740917,0.0006434964016079903,0.0007015378214418888,0.0007595791248604655,0.0008176204282790422,0.0008756618481129408,0.0009337032097391784,0.000991744571365416,0.0010497858747839928,0.0011078272946178913,0.0011658687144517899,0.0012239100178703666,0.0012819513212889433,0.0013399927411228418,0.0013980341609567404,0.001456075464375317,0.0015141167677938938,0.0015721581876277924,0.001630199607461691,0.0016882409108802676,0.0017462822142988443,0.0018043236341327429],"_type":"histogram","values":[1,0,0,0,0,0,0,0,0,0,0,0,0,0,0,1,0,0,0,0,0,0,0,1,2,1,0,3,0,0,1,2,12,1,1,1,1,0,1,0,1,1,0,0,1,1,0,0,1,0,0,1,1,1,1,0,0,0,0,1,0,0,0,1]},"parameters/net.0.weight":{"values":[1,0,0,0,0,0,0,1,0,2,1,1,0,0,0,0,0,0,0,1,1,0,0,1,3,0,0,1,0,0,1,1,0,0,1,0,3,2,3,1,2,2,1,1,0,1,1,1,1,0,0,1,2,0,0,0,0,1,0,0,0,0,0,1],"bins":[-0.8805480599403381,-0.8568406701087952,-0.8331332802772522,-0.8094258904457092,-0.7857185006141663,-0.7620111107826233,-0.7383037805557251,-0.7145963907241821,-0.6908890008926392,-0.6671816110610962,-0.6434742212295532,-0.6197668313980103,-0.5960594415664673,-0.5723520517349243,-0.5486446619033813,-0.5249372720718384,-0.5012298822402954,-0.47752249240875244,-0.4538151025772095,-0.4301077127456665,-0.40640032291412354,-0.38269296288490295,-0.3589855432510376,-0.33527815341949463,-0.31157082319259644,-0.28786343336105347,-0.2641560435295105,-0.24044865369796753,-0.21674126386642456,-0.1930338740348816,-0.16932648420333862,-0.14561909437179565,-0.12191164493560791,-0.09820425510406494,-0.07449686527252197,-0.050789475440979004,-0.027082085609436035,-0.0033746957778930664,0.020332694053649902,0.04404008388519287,0.06774747371673584,0.09145480394363403,0.115162193775177,0.13886961340904236,0.16257697343826294,0.1862843632698059,0.20999175310134888,0.23369914293289185,0.2574065327644348,0.2811139225959778,0.30482131242752075,0.3285287022590637,0.3522360920906067,0.37594345211982727,0.39965084195137024,0.4233582317829132,0.4470656216144562,0.47077301144599915,0.4944804012775421,0.5181877613067627,0.5418951511383057,0.5656025409698486,0.5893099308013916,0.6130173206329346,0.6367247104644775],"_type":"histogram"},"_wandb":{"runtime":30},