{"_wandb":{"runtime":0},"_timestamp":1.7501552653062575e+09,"_runtime":0.6733515,"_step":1,"episode":2,"reward":0,"epsilon":0.990025}