{"_runtime":179.3006366,"gradients/net.4.weight":{"_type":"histogram","values":[1,0,0,0,0,0,1,0,0,0,0,0,0,0,0,0,0,0,0,0,0,0,0,0,0,1,0,0,0,1,0,1,0,0,0,0,0,1,1,0,0,0,1,1,1,0,0,0,1,2,1,0,3,1,0,1,2,0,2,3,1,5,5,43],"bins":[-0.004087727051228285,-0.004023710731416941,-0.003959694877266884,-0.0038956787902861834,-0.003831662703305483,-0.0037676466163247824,-0.003703630529344082,-0.0036396144423633814,-0.003575598355382681,-0.0035115822684019804,-0.00344756618142128,-0.0033835500944405794,-0.003319534007459879,-0.0032555176876485348,-0.003191501833498478,-0.003127485513687134,-0.003063469659537077,-0.002999453339725733,-0.002935437485575676,-0.002871421165764332,-0.002807405311614275,-0.002743388991802931,-0.002679373137652874,-0.00261535681784153,-0.0025513407308608294,-0.002487324643880129,-0.0024233085568994284,-0.002359292469918728,-0.0022952763829380274,-0.002231260295957327,-0.0021672442089766264,-0.002103228121995926,-0.0020392118021845818,-0.0019751957152038813,-0.0019111797446385026,-0.001847163657657802,-0.0017831475706771016,-0.0017191314836964011,-0.0016551153967157006,-0.0015910993097350001,-0.0015270832227542996,-0.0014630670193582773,-0.0013990509323775768,-0.0013350348453968763,-0.0012710187584161758,-0.0012070026714354753,-0.0011429865844547749,-0.0010789704974740744,-0.0010149544104933739,-0.0009509382653050125,-0.000886922178324312,-0.0008229060913436115,-0.000758890004362911,-0.0006948738591745496,-0.0006308577721938491,-0.0005668416852131486,-0.0005028255982324481,-0.00043880954035557806,-0.00037479345337487757,-0.0003107773372903466,-0.00024676125030964613,-0.0001827451487770304,-0.00011872904724441469,-5.471295298775658e-05,9.303140359406825e-06]},"epsilon":0.05,"parameters/net.2.bias":{"bins":[-0.6277246475219727,-0.6084778308868408,-0.589231014251709,-0.5699842572212219,-0.5507374405860901,-0.5314906239509583,-0.5122438073158264,-0.4929969906806946,-0.47375020384788513,-0.4545034170150757,-0.43525660037994385,-0.416009783744812,-0.3967629671096802,-0.3775161802768707,-0.3582693636417389,-0.33902257680892944,-0.3197757601737976,-0.30052894353866577,-0.2812821567058563,-0.2620353400707245,-0.24278855323791504,-0.2235417366027832,-0.20429491996765137,-0.18504813313484192,-0.16580131649971008,-0.14655449986457825,-0.1273077130317688,-0.10806089639663696,-0.08881407976150513,-0.06956726312637329,-0.05032050609588623,-0.031073689460754395,-0.011826813220977783,0.007420003414154053,0.02666682004928589,0.04591357707977295,0.06516039371490479,0.08440721035003662,0.10365402698516846,0.1229008138179779,0.14214763045310974,0.16139444708824158,0.18064123392105103,0.19988805055618286,0.2191348671913147,0.23838165402412415,0.257628470659256,0.27687525749206543,0.29612207412719727,0.3153688907623291,0.33461567759513855,0.3538624942302704,0.37310928106307983,0.39235609769821167,0.4116029143333435,0.43084973096847534,0.4500965178012848,0.46934330463409424,0.4885901212692261,0.5078369379043579,0.5270837545394897,0.5463305711746216,0.5655773282051086,0.5848241448402405,0.6040709614753723],"_type":"histogram","values":[1,0,1,0,0,1,0,0,0,0,0,0,0,0,0,1,0,0,1,1,0,1,1,1,0,0,0,1,1,0,0,1,2,0,0,0,0,0,0,0,0,1,0,0,0,1,0,0,0,0,0,0,0,0,0,1,0,1,1,0,0,0,0,1]},"parameters/net.4.bias":{"values":[1,1,0,0,0,0,0,0,0,0,0,0,0,0,0,0,0,0,0,0,0,0,0,0,0,0,1,0,0,0,0,0,0,0,0,0,0,0,0,0,0,0,0,0,0,0,0,0,0,0,0,0,0,0,0,0,0,0,0,0,0,0,0,1],"bins":[0.31239670515060425,0.31444236636161804,0.31648802757263184,0.31853368878364563,0.3205793499946594,0.3226250410079956,0.3246707022190094,0.3267163634300232,0.328762024641037,0.3308076858520508,0.3328533470630646,0.33489900827407837,0.33694469928741455,0.33899036049842834,0.34103602170944214,0.34308168292045593,0.3451273441314697,0.3471730053424835,0.3492186665534973,0.3512643277645111,0.3533099889755249,0.3553556799888611,0.3574013411998749,0.35944700241088867,0.36149266362190247,0.36353832483291626,0.36558398604393005,0.36762964725494385,0.36967533826828003,0.3717209994792938,0.3737666606903076,0.3758123219013214,0.3778579831123352,0.379903644323349,0.3819493055343628,0.3839949667453766,0.3860406279563904,0.38808631896972656,0.39013198018074036,0.39217764139175415,0.39422330260276794,0.39626896381378174,0.39831462502479553,0.4003602862358093,0.4024059772491455,0.4044516384601593,0.4064972996711731,0.4085429608821869,0.4105886220932007,0.4126342833042145,0.41467994451522827,0.41672560572624207,0.41877126693725586,0.42081695795059204,0.42286261916160583,0.42490828037261963,0.4269539415836334,0.4289996027946472,0.431045264005661,0.4330909252166748,0.435136616230011,0.4371822774410248,0.4392279386520386,0.44127359986305237,0.44331926107406616],"_type":"histogram"},"parameters/net.0.weight":{"_type":"histogram","values":[1,0,0,0,1,0,1,0,0,0,0,0,0,1,1,0,0,0,0,0,2,0,0,6,2,2,2,3,5,4,5,4,4,4,0,3,0,1,1,1,1,0,0,0,1,2,0,0,3,1,0,0,3,0,0,0,0,0,1,0,4,0,1,1],"bins":[-0.7736877799034119,-0.7474658489227295,-0.7212439179420471,-0.6950219869613647,-0.6687999963760376,-0.6425780653953552,-0.6163561344146729,-0.5901342034339905,-0.5639122724533081,-0.537690281867981,-0.5114683508872986,-0.4852464199066162,-0.45902448892593384,-0.4328025281429291,-0.4065805971622467,-0.38035863637924194,-0.35413670539855957,-0.3279147744178772,-0.30169281363487244,-0.27547088265419006,-0.2492489218711853,-0.22302699089050293,-0.19680505990982056,-0.17058312892913818,-0.1443611979484558,-0.11813920736312866,-0.09191727638244629,-0.06569534540176392,-0.03947341442108154,-0.01325148344039917,0.012970507144927979,0.03919243812561035,0.06541436910629272,0.0916363000869751,0.11785823106765747,0.14408022165298462,0.170302152633667,0.19652408361434937,0.22274601459503174,0.2489679455757141,0.27518993616104126,0.30141186714172363,0.327633798122406,0.3538557291030884,0.38007766008377075,0.4062996208667755,0.4325215518474579,0.45874351263046265,0.484965443611145,0.5111873745918274,0.5374093055725098,0.5636312961578369,0.5898532271385193,0.6160751581192017,0.642297089099884,0.6685190200805664,0.6947410106658936,0.7209629416465759,0.7471848726272583,0.7734068036079407,0.799628734588623,0.8258507251739502,0.8520726561546326,0.8782945871353149,0.9045165181159973]},"gradients/net.4.bias":{"values":[1,0,0,0,0,0,0,0,0,0,0,0,0,0,0,0,1,0,0,0,0,0,0,0,0,0,0,0,0,0,0,0,0,1,0,0,0,0,0,0,0,0,0,0,0,0,0,0,0,0,0,0,0,0,0,0,0,0,0,0,0,0,0,1],"bins":[-0.004040601663291454,-0.003986503928899765,-0.003932405728846788,-0.0038783077616244555,-0.0038242097944021225,-0.0037701118271797895,-0.0037160138599574566,-0.0036619161255657673,-0.0036078179255127907,-0.0035537201911211014,-0.0034996219910681248,-0.0034455242566764355,-0.0033914262894541025,-0.0033373283222317696,-0.0032832303550094366,-0.0032291323877871037,-0.0031750344205647707,-0.0031209364533424377,-0.003066838486120105,-0.003012740518897772,-0.002958642551675439,-0.002904544584453106,-0.0028504468500614166,-0.00279634865000844,-0.0027422509156167507,-0.002688152715563774,-0.002634054981172085,-0.002579956781119108,-0.002525859046727419,-0.002471761079505086,-0.002417663112282753,-0.00236356514506042,-0.002309467177838087,-0.002255369210615754,-0.002201271243393421,-0.0021471732761710882,-0.0020930753089487553,-0.002038977574557066,-0.0019848793745040894,-0.0019307815236970782,-0.0018766835564747453,-0.0018225855892524123,-0.0017684876220300794,-0.0017143896548077464,-0.0016602918040007353,-0.0016061938367784023,-0.0015520958695560694,-0.0014979979023337364,-0.0014438999351114035,-0.0013898019678890705,-0.0013357040006667376,-0.0012816060334444046,-0.0012275080662220716,-0.0011734100989997387,-0.0011193122481927276,-0.0010652142809703946,-0.0010111163137480617,-0.0009570183465257287,-0.0009029203793033957,-0.0008488224702887237,-0.0007947245030663908,-0.0007406265358440578,-0.0006865286268293858,-0.0006324306596070528,-0.0005783326923847198],"_type":"histogram"},"_wandb":{"runtime":179},"place_maps":{"format":"png","width":1200,"height":1200,"_type":"image-file","sha256":"560da459bce67e919cc1e5163496880685c97dc41e50d65f1623a773fac10c73","size":35933,