{"gradients/net.0.weight":{"bins":[-0.0027534784749150276,-0.0027073300443589687,-0.00266118161380291,-0.0026150329504162073,-0.0025688845198601484,-0.0025227360893040895,-0.0024765876587480307,-0.002430438995361328,-0.0023842905648052692,-0.0023381421342492104,-0.0022919937036931515,-0.0022458452731370926,-0.00219969660975039,-0.002153548179194331,-0.0021073997486382723,-0.0020612510852515697,-0.002015102654695511,-0.001968954224139452,-0.001922805793583393,-0.0018766572466120124,-0.0018305086996406317,-0.0017843602690845728,-0.001738211838528514,-0.0016920632915571332,-0.0016459148610010743,-0.0015997663140296936,-0.0015536178834736347,-0.001507469336502254,-0.0014613209059461951,-0.0014151723589748144,-0.0013690239284187555,-0.0013228753814473748,-0.0012767270673066378,-0.0012305786367505789,-0.0011844300897791982,-0.0011382816592231393,-0.0010921331122517586,-0.0010459846816956997,-0.000999836134724319,-0.0009536877041682601,-0.0009075391571968794,-0.0008613907266408205,-0.0008152421796694398,-0.0007690937491133809,-0.0007229452021420002,-0.0006767967715859413,-0.0006306482246145606,-0.0005844997940585017,-0.000538351247087121,-0.0004922028165310621,-0.00044605429866351187,-0.0003999058098997921,-0.0003537573211360723,-0.0003076088323723525,-0.00026146037271246314,-0.00021531188394874334,-0.00016916339518502355,-0.00012301490642130375,-7.686641765758395e-05,-3.071794344577938e-05,1.5430545317940414e-05,6.157903408166021e-05,0.0001077275155694224,0.00015387599705718458,0.00020002448582090437],"_type":"histogram","values":[1,0,0,0,0,0,0,0,0,0,0,0,0,0,0,0,0,0,0,0,0,0,0,0,0,0,0,0,0,0,0,0,0,0,0,0,0,0,0,0,0,0,0,0,0,0,0,0,0,0,1,0,0,0,0,1,0,1,0,63,3,0,0,2]},"_timestamp":1.750324547473377e+09,"gradients/net.4.bias":{"values":[1,0,0,0,0,0,1,1,0,0,0,0,0,0,0,0,0,0,0,0,0,0,0,0,0,0,0,0,0,0,0,0,0,0,0,0,0,0,0,0,0,0,0,0,0,0,0,0,0,0,0,0,0,0,0,0,0,0,0,0,0,0,0,1],"bins":[-0.0017517376691102982,-0.0015112151158973575,-0.0012706925626844168,-0.001030170125886798,-0.0007896475726738572,-0.0005491250194609165,-0.00030860258266329765,-6.808002945035696e-05,0.00017244252376258373,0.0004129649605602026,0.0006534876301884651,0.000894010066986084,0.0011345325037837029,0.0013750551734119654,0.0016155776102095842,0.0018561002798378468,0.0020966227166354656,0.0023371451534330845,0.0025776675902307034,0.0028181904926896095,0.0030587129294872284,0.0032992353662848473,0.003539757803082466,0.003780280239880085,0.004020802676677704,0.00426132557913661,0.004501848015934229,0.004742370452731848,0.004982892889529467,0.0052234153263270855,0.005463938228785992,0.0057044606655836105,0.005944983102381229,0.006185505539178848,0.006426027975976467,0.006666550878435373,0.006907073315232992,0.007147595752030611,0.00738811818882823,0.007628640625625849,0.007869163528084755,0.008109685964882374,0.008350208401679993,0.008590730838477612,0.00883125327527523,0.00907177571207285,0.009312298148870468,0.009552821516990662,0.009793343022465706,0.0100338663905859,0.010274388827383518,0.010514911264181137,0.010755433700978756,0.010995956137776375,0.011236478574573994,0.011477001011371613,0.011717523448169231,0.01195804588496685,0.012198569253087044,0.012439090758562088,0.012679614126682281,0.0129201365634799,0.01316065900027752,0.013401181437075138,0.013641703873872757],"_type":"histogram"},"parameters/net.0.weight":{"values":[1,0,0,0,1,0,0,0,0,0,0,1,0,0,0,0,1,0,0,6,2,0,2,2,4,2,5,4,3,3,1,5,5,2,1,2,2,1,2,1,0,0,1,0,0,0,0,0,1,0,0,1,0,2,0,0,0,0,1,0,2,2,0,3],"bins":[-0.5247228145599365,-0.5057347416877747,-0.4867466986179352,-0.4677586555480957,-0.44877058267593384,-0.429782509803772,-0.4107944667339325,-0.391806423664093,-0.37281835079193115,-0.3538302779197693,-0.3348422348499298,-0.31585419178009033,-0.29686611890792847,-0.2778780460357666,-0.2588900029659271,-0.23990195989608765,-0.22091388702392578,-0.20192581415176392,-0.18293777108192444,-0.16394972801208496,-0.1449616551399231,-0.12597358226776123,-0.10698553919792175,-0.08799749612808228,-0.06900942325592041,-0.050021350383758545,-0.031033307313919067,-0.01204526424407959,0.006942808628082275,0.02593088150024414,0.04491889476776123,0.0639069676399231,0.08289504051208496,0.10188311338424683,0.12087118625640869,0.13985919952392578,0.15884727239608765,0.1778353452682495,0.196823388338089,0.21581143140792847,0.23479950428009033,0.2537875771522522,0.2727756202220917,0.29176366329193115,0.310751736164093,0.3297398090362549,0.34872785210609436,0.36771589517593384,0.3867039680480957,0.40569204092025757,0.42468008399009705,0.4436681270599365,0.4626561999320984,0.48164427280426025,0.5006322860717773,0.5196203589439392,0.5386084318161011,0.5575965046882629,0.5765845775604248,0.5955725908279419,0.6145606637001038,0.6335487365722656,0.6525367498397827,0.6715248227119446,0.6905128955841064],"_type":"histogram"},"_step":46051,"gradients/net.4.weight":{"_type":"histogram","values":[1,0,0,2,1,3,56,7,0,0,1,0,1,0,0,2,0,0,1,0,1,0,0,0,0,1,0,0,0,0,0,0,0,1,0,0,1,0,0,0,0,0,0,0,0,0,0,0,0,0,0,0,0,0,0,0,0,0,0,0,0,0,0,1],"bins":[-0.002524981740862131,-0.0021616932936012745,-0.0017984046135097742,-0.0014351161662489176,-0.0010718276025727391,-0.0007085390388965607,-0.00034525059163570404,1.8038088455796242e-05,0.00038132653571665287,0.0007446149829775095,0.0011079036630690098,0.0014711921103298664,0.001834480557590723,0.0021977690048515797,0.0025610579177737236,0.0029243463650345802,0.003287634812295437,0.0036509232595562935,0.00401421170681715,0.004377500619739294,0.004740789067000151,0.005104077514261007,0.005467365961521864,0.0058306544087827206,0.006193942856043577,0.006557231303304434,0.0069205197505652905,0.007283809129148722,0.007647097576409578,0.008010385558009148,0.008373674005270004,0.008736962452530861,0.009100251831114292,0.009463540278375149,0.009826828725636005,0.010190117172896862,0.010553405620157719,0.010916694067418575,0.011279983446002007,0.011643271893262863,0.01200656034052372,0.012369848787784576,0.012733137235045433,0.01309642568230629,0.013459714129567146,0.013823002576828003,0.01418629102408886,0.014549579471349716,0.014912867918610573,0.01527615636587143,0.015639444813132286,0.016002733260393143,0.01636602357029915,0.016729310154914856,0.017092600464820862,0.01745588891208172,0.017819177359342575,0.01818246580660343,0.01854575425386429,0.018909042701125145,0.019272331148386,0.019635619595646858,0.019998908042907715,0.02036219649016857,0.020725484937429428]},"place_maps":{"_type":"image-file","sha256":"5d502f363987186bd7efd60456946e5e044ff9879fd21a8edbd9a8d1d659ed90","size":34852,"path":"media/images/place_maps_46050_5d502f363987186bd7ef.png","format":"png","width":1200,"height":1200},"_runtime":106.246628,"parameters/net.2.bias":{"values":[1,0,1,0,0,1,0,0,0,0,0,0,0,0,0,1,0,0,1,1,0,1,1,1,0,0,0,1,1,0,0,1,2,0,0,0,0,0,0,0,0,1,0,0,0,1,0,0,0,0,0,0,0,0,0,1,0,1,1,0,0,0,0,1],