{"gradients/net.0.bias":{"_type":"histogram","values":[1,0,0,0,0,0,0,0,1,0,0,0,0,0,0,0,0,0,0,1,0,0,0,0,0,0,0,0,1,0,0,0,1,0,1,0,0,0,1,0,0,0,1,1,0,1,0,0,0,0,0,2,0,0,0,5,0,2,0,0,0,0,0,1],"bins":[-0.002607473637908697,-0.0025605587288737297,-0.0025136438198387623,-0.002466728910803795,-0.0024198140017688274,-0.00237289909273386,-0.0023259841836988926,-0.002279069507494569,-0.0022321545984596014,-0.002185239689424634,-0.0021383247803896666,-0.002091409871354699,-0.0020444949623197317,-0.0019975800532847643,-0.0019506651442497969,-0.0019037503516301513,-0.0018568354425951838,-0.0018099205335602164,-0.0017630057409405708,-0.0017160908319056034,-0.001669175922870636,-0.0016222610138356686,-0.0015753461048007011,-0.0015284311957657337,-0.0014815162867307663,-0.0014346014941111207,-0.0013876865850761533,-0.0013407716760411859,-0.0012938567670062184,-0.001246941857971251,-0.0012000270653516054,-0.001153112156316638,-0.0011061973636969924,-0.001059282454662025,-0.0010123675456270576,-0.000965452753007412,-0.0009185378439724445,-0.0008716229349374771,-0.0008247080259025097,-0.0007777931168675423,-0.0007308783242478967,-0.0006839634152129292,-0.0006370485061779618,-0.0005901335971429944,-0.000543218688108027,-0.0004963038372807205,-0.00044938892824575305,-0.00040247407741844654,-0.0003555591683834791,-0.0003086442593485117,-0.0002617294085212052,-0.00021481449948623776,-0.00016789964865893126,-0.00012098473962396383,-7.406983058899641e-05,-2.7154950657859445e-05,1.975992927327752e-05,6.667480920441449e-05,0.00011358968913555145,0.00016050459817051888,0.00020741947810165584,0.0002543343580327928,0.00030124926706776023,0.0003481641469988972,0.00039507902693003416]},"eval_reward":1,"gradients/net.0.weight":{"_type":"histogram","values":[1,0,0,0,0,0,0,0,1,0,0,0,0,0,0,0,0,1,0,0,0,1,0,0,0,1,0,0,0,0,0,0,0,1,2,0,2,2,1,0,0,1,0,0,3,0,0,0,1,0,1,1,0,4,0,11,0,1,1,0,1,1,0,1],"bins":[-0.0018140708561986685,-0.0017816675826907158,-0.001749264309182763,-0.0017168609192594886,-0.001684457645751536,-0.0016520543722435832,-0.0016196510987356305,-0.0015872478252276778,-0.0015548444353044033,-0.0015224411617964506,-0.001490037888288498,-0.0014576346147805452,-0.0014252313412725925,-0.0013928280677646399,-0.0013604247942566872,-0.0013280214043334126,-0.00129561813082546,-0.0012632148573175073,-0.0012308114673942327,-0.00119840819388628,-0.0011660049203783274,-0.0011336016468703747,-0.001101198373362422,-0.0010687950998544693,-0.0010363918263465166,-0.001003988552838564,-0.0009715851629152894,-0.0009391818894073367,-0.000906778615899384,-0.0008743752841837704,-0.0008419720106758177,-0.0008095686789602041,-0.0007771652890369296,-0.0007447620155289769,-0.0007123586838133633,-0.0006799554103054106,-0.000647552078589797,-0.0006151488050818443,-0.0005827455315738916,-0.000550342199858278,-0.0005179389263503253,-0.00048553565284237266,-0.00045313232112675905,-0.00042072904761880636,-0.00038832577411085367,-0.00035592244239524007,-0.0003235191688872874,-0.0002911158371716738,-0.0002587125636637211,-0.00022630926105193794,-0.0001939059584401548,-0.0001615026849322021,-0.00012909938232041895,-9.669607970863581e-05,-6.429280620068312e-05,-3.188950358889997e-05,5.137990228831768e-07,3.2917101634666324e-05,6.532038969453424e-05,9.772367775440216e-05,0.0001301269803661853,0.00016253028297796845,0.00019493357103783637,0.0002273368590977043,0.00025974016170948744]},"gradients/net.2.bias":{"bins":[-0.004472545348107815,-0.00440145144239068,-0.004330357536673546,-0.004259263630956411,-0.004188169725239277,-0.00411707628518343,-0.004045982379466295,-0.003974888473749161,-0.0039037945680320263,-0.003832700662314892,-0.0037616067565977573,-0.0036905130837112665,-0.003619419177994132,-0.0035483252722769976,-0.0034772315993905067,-0.0034061376936733723,-0.003335043787956238,-0.0032639498822391033,-0.003192855976521969,-0.003121762303635478,-0.0030506683979183435,-0.002979574492201209,-0.0029084808193147182,-0.0028373869135975838,-0.0027662930078804493,-0.002695199102163315,-0.0026241051964461803,-0.0025530115235596895,-0.002481917617842555,-0.0024108237121254206,-0.0023397300392389297,-0.0022686361335217953,-0.002197542227804661,-0.0021264483220875263,-0.002055354416370392,-0.001984260743483901,-0.0019131668377667665,-0.001842072932049632,-0.0017709791427478194,-0.0016998853534460068,-0.0016287914477288723,-0.0015576975420117378,-0.0014866037527099252,-0.0014155099634081125,-0.001344416057690978,-0.0012733221519738436,-0.001202228362672031,-0.0011311345733702183,-0.0010600406676530838,-0.0009889467619359493,-0.0009178529726341367,-0.0008467591251246631,-0.0007756652776151896,-0.000704571430105716,-0.0006334775825962424,-0.0005623837350867689,-0.0004912898875772953,-0.00042019604006782174,-0.0003491021925583482,-0.0002780083450488746,-0.00020691449753940105,-0.0001358206500299275,-6.472680252045393e-05,6.367044989019632e-06,7.74608924984932e-05],"_type":"histogram","values":[1,0,0,0,0,0,0,0,0,0,0,0,0,0,0,0,0,0,0,0,0,0,0,0,0,0,0,0,0,1,0,0,0,0,0,0,0,0,0,0,0,0,0,0,0,1,0,0,0,0,0,0,0,0,0,0,0,0,0,0,0,0,0,1]},"reward":1,"parameters/net.2.weight":{"values":[1,1,0,1,1,1,2,1,0,0,1,0,3,0,3,1,3,4,1,0,4,5,1,3,4,1,0,1,3,3,3,0,4,1,1,2,3,2,2,1,0,1,3,0,1,0,0,1,1,1,0,2,1,0,0,0,0,0,0,0,0,0,0,1],"bins":[-0.2132871150970459,-0.20201747119426727,-0.19074782729148865,-0.17947816848754883,-0.1682085245847702,-0.15693888068199158,-0.14566923677921295,-0.13439959287643433,-0.1231299415230751,-0.11186029762029648,-0.10059064626693726,-0.08932100236415863,-0.07805135846138,-0.06678171455860138,-0.05551205575466156,-0.044242411851882935,-0.03297276794910431,-0.021703124046325684,-0.010433480143547058,0.0008361786603927612,0.012105822563171387,0.023375466465950012,0.03464511036872864,0.04591476917266846,0.05718439817428589,0.06845405697822571,0.07972368597984314,0.09099334478378296,0.10226300358772278,0.11353263258934021,0.12480229139328003,0.13607192039489746,0.14734157919883728,0.1586112380027771,0.16988086700439453,0.18115052580833435,0.19242015480995178,0.2036898136138916,0.21495947241783142,0.22622910141944885,0.23749876022338867,0.2487683892250061,0.2600380480289459,0.27130770683288574,0.2825773358345032,0.2938469648361206,0.3051166534423828,0.31638628244400024,0.3276559114456177,0.3389255702495575,0.3501952290534973,0.36146485805511475,0.37273451685905457,0.3840041756629944,0.3952738046646118,0.40654346346855164,0.41781309247016907,0.4290827512741089,0.4403523802757263,0.45162203907966614,0.46289169788360596,0.4741613268852234,0.4854309856891632,0.49670061469078064,0.5079702734947205],"_type":"histogram"},"_wandb":{"runtime":27},"parameters/net.2.bias":{"bins":[-0.03185886889696121,-0.02601388841867447,-0.020168907940387726,-0.014323927462100983,-0.00847894698381424,-0.0026339665055274963,0.003211013972759247,0.00905599445104599,0.014900974929332733,0.020745955407619476,0.02659093588590622,0.03243591636419296,0.038280896842479706,0.04412587732076645,0.04997085779905319,0.055815838277339935,0.06166081875562668,0.06750579923391342,0.07335077971220016,0.07919576019048691,0.08504074066877365,0.0908857211470604,0.09673070162534714,0.10257568210363388,0.10842066258192062,0.11426564306020737,0.12011062353849411,0.12595561146736145,0.1318005919456482,0.13764557242393494,0.14349055290222168,0.14933553338050842,0.15518051385879517,0.1610254943370819,0.16687047481536865,0.1727154552936554,0.17856043577194214,0.18440541625022888,0.19025039672851562,0.19609537720680237,0.2019403576850891,0.20778533816337585,0.2136303186416626,0.21947529911994934,0.22532027959823608,0.23116526007652283,0.23701024055480957,0.2428552210330963,0.24870020151138306,0.2545451819896698,0.26039016246795654,0.2662351429462433,0.27208012342453003,0.2779251039028168,0.2837700843811035,0.28961506485939026,0.295460045337677,0.30130502581596375,0.3071500062942505,0.31299498677253723,0.318839967250824,0.3246849477291107,0.33052992820739746,0.3363749086856842,0.34221988916397095],"_type":"histogram",