{"gradients/net.0.bias":{"bins":[0,3.3760843507479876e-05,6.752168701495975e-05,0.00010128253052243963,0.0001350433740299195,0.000168804224813357,0.00020256506104487926,0.00023632589727640152,0.000270086748059839,0.0003038475988432765,0.000337608449626714,0.000371369271306321,0.0004051301220897585,0.000438890972873196,0.00047265179455280304,0.0005064126453362405,0.000540173496119678,0.0005739343469031155,0.000607695197686553,0.0006414560484699905,0.000675216899253428,0.0007089776918292046,0.000742738542612642,0.0007764993933960795,0.000810260244179517,0.0008440210949629545,0.000877781945746392,0.0009115427965298295,0.0009453035891056061,0.0009790644980967045,0.001012825290672481,0.0010465861996635795,0.001080346992239356,0.0011141077848151326,0.001147868693806231,0.0011816294863820076,0.001215390395373106,0.0012491511879488826,0.0012829119805246592,0.0013166728895157576,0.001350433798506856,0.0013841945910826325,0.0014179553836584091,0.0014517162926495075,0.001485477085225284,0.0015192378778010607,0.001552998786792159,0.0015867596957832575,0.001620520488359034,0.0016542812809348106,0.001688042189925909,0.0017218029825016856,0.001755563891492784,0.0017893246840685606,0.001823085593059659,0.0018568463856354356,0.0018906071782112122,0.0019243680872023106,0.001958128996193409,0.0019918896723538637,0.002025650581344962,0.0020594114903360605,0.002093172399327159,0.0021269330754876137,0.002160693984478712],"_type":"histogram","values":[1,0,0,0,0,0,0,0,0,0,0,0,0,0,0,0,0,0,0,0,0,0,0,0,0,0,0,0,0,0,0,0,0,0,0,0,0,0,0,0,0,0,0,0,0,0,0,0,0,0,0,0,0,0,0,0,0,0,0,0,0,0,0,1]},"parameters/net.4.weight":{"values":[1,0,0,0,0,0,0,1,0,0,0,1,0,0,0,0,0,0,1,0,0,3,4,3,3,2,0,0,0,3,0,0,3,3,2,5,2,5,1,3,5,2,3,3,4,4,1,1,1,0,1,1,0,1,0,2,1,1,0,1,0,1,0,1],"bins":[-0.6057836413383484,-0.5876868367195129,-0.5695899724960327,-0.5514931678771973,-0.5333963632583618,-0.5152994990348816,-0.49720269441604614,-0.4791058599948883,-0.46100902557373047,-0.44291219115257263,-0.4248153567314148,-0.40671855211257935,-0.3886217176914215,-0.37052488327026367,-0.3524280786514282,-0.3343312442302704,-0.31623440980911255,-0.2981375753879547,-0.2800407409667969,-0.2619439363479614,-0.2438471019268036,-0.22575026750564575,-0.2076534628868103,-0.18955662846565247,-0.17145979404449463,-0.1533629596233368,-0.13526612520217896,-0.1171693205833435,-0.09907251596450806,-0.08097565174102783,-0.06287884712219238,-0.04478198289871216,-0.02668517827987671,-0.00858837366104126,0.009508490562438965,0.027605295181274414,0.04570215940475464,0.06379896402359009,0.08189576864242554,0.09999260306358337,0.11808943748474121,0.13618627190589905,0.15428310632705688,0.17237991094589233,0.19047674536705017,0.208573579788208,0.22667038440704346,0.2447672188282013,0.26286405324935913,0.28096088767051697,0.2990577220916748,0.31715452671051025,0.3352513611316681,0.3533481955528259,0.3714450001716614,0.3895418345928192,0.40763866901397705,0.4257355034351349,0.4438323378562927,0.4619291424751282,0.480025976896286,0.49812281131744385,0.5162196159362793,0.5343164801597595,0.552413284778595],"_type":"histogram"},"_timestamp":1.7501620530370984e+09,"parameters/net.0.weight":{"_type":"histogram","values":[1,1,1,0,1,2,2,0,0,0,0,1,0,2,0,3,4,0,1,0,0,2,2,2,1,2,0,2,3,4,1,1,2,0,4,1,3,2,1,0,2,1,0,0,0,3,2,2,2,4,0,0,0,0,1,0,0,1,0,0,0,1,0,1],"bins":[-0.322452187538147,-0.3118700385093689,-0.30128785967826843,-0.29070568084716797,-0.2801235318183899,-0.2695413827896118,-0.25895920395851135,-0.24837704002857208,-0.2377948760986328,-0.22721271216869354,-0.21663054823875427,-0.206048384308815,-0.19546622037887573,-0.18488405644893646,-0.1743018925189972,-0.16371972858905792,-0.15313756465911865,-0.14255540072917938,-0.1319732367992401,-0.12139107286930084,-0.11080890893936157,-0.1002267450094223,-0.08964458107948303,-0.07906241714954376,-0.06848025321960449,-0.057898104190826416,-0.04731592535972595,-0.03673374652862549,-0.026151597499847412,-0.015569448471069336,-0.004987269639968872,0.005594909191131592,0.016177058219909668,0.026759207248687744,0.03734138607978821,0.04792356491088867,0.05850571393966675,0.06908786296844482,0.07967004179954529,0.09025222063064575,0.10083436965942383,0.1114165335893631,0.12199869751930237,0.13258086144924164,0.1431630253791809,0.15374518930912018,0.16432735323905945,0.17490951716899872,0.185491681098938,0.19607384502887726,0.20665600895881653,0.2172381728887558,0.22782033681869507,0.23840250074863434,0.2489846646785736,0.2595668435096741,0.27014899253845215,0.2807311415672302,0.2913133203983307,0.30189549922943115,0.31247764825820923,0.3230597972869873,0.33364197611808777,0.34422415494918823,0.3548063039779663]},"_step":54064,"eval_reward":1,"parameters/net.4.bias":{"bins":[0.1954624056816101,0.19686976075172424,0.19827710092067719,0.19968445599079132,0.20109181106090546,0.2024991512298584,0.20390650629997253,0.20531386137008667,0.2067212015390396,0.20812855660915375,0.20953591167926788,0.21094325184822083,0.21235060691833496,0.2137579619884491,0.21516530215740204,0.21657265722751617,0.21797999739646912,0.21938735246658325,0.2207947075366974,0.22220206260681152,0.22360940277576447,0.2250167578458786,0.22642409801483154,0.22783145308494568,0.22923880815505981,0.23064616322517395,0.2320535033941269,0.23346085846424103,0.23486819863319397,0.2362755537033081,0.23768290877342224,0.23909024894237518,0.24049760401248932,0.24190495908260345,0.2433122992515564,0.24471965432167053,0.24612700939178467,0.2475343495607376,0.24894170463085175,0.2503490447998047,0.2517563998699188,0.25316375494003296,0.2545711100101471,0.25597846508026123,0.257385790348053,0.2587931454181671,0.26020050048828125,0.2616078555583954,0.2630152106285095,0.26442256569862366,0.2658298909664154,0.26723724603652954,0.2686446011066437,0.2700519561767578,0.27145931124687195,0.2728666663169861,0.27427399158477783,0.27568134665489197,0.2770887017250061,0.27849605679512024,0.2799034118652344,0.2813107669353485,0.28271809220314026,0.2841254472732544,0.28553280234336853],"_type":"histogram","values":[1,0,0,0,0,0,0,0,0,0,0,0,0,0,0,0,0,0,0,0,0,0,0,0,0,0,0,0,0,0,0,0,0,1,0,0,0,0,1,0,0,0,0,0,0,0,0,0,0,0,0,0,0,0,0,0,0,0,0,0,0,0,0,1]},"parameters/net.0.bias":{"bins":[-0.1114179715514183,-0.10414139926433563,-0.09686483442783356,-0.08958826214075089,-0.08231169730424881,-0.07503512501716614,-0.06775856018066406,-0.06048198789358139,-0.05320541933178902,-0.04592885076999664,-0.03865227848291397,-0.031375713646411896,-0.024099141359329224,-0.01682257652282715,-0.009546004235744476,-0.002269439399242401,0.005007132887840271,0.012283705174922943,0.01956027001142502,0.026836834847927094,0.03411341458559036,0.04138997942209244,0.04866654425859451,0.05594310909509659,0.06321968883275986,0.07049625366926193,0.07777281850576401,0.08504939824342728,0.09232596307992935,0.09960252791643143,0.1068790927529335,0.11415567249059677,0.12143222987651825,0.12870879471302032,0.1359853744506836,0.14326193928718567,0.15053850412368774,0.15781506896018982,0.1650916486978531,0.17236821353435516,0.17964477837085724,0.1869213581085205,0.19419792294502258,0.20147448778152466,0.20875105261802673,0.21602763235569,0.22330419719219208,0.23058076202869415,0.23785734176635742,0.2451339066028595,0.2524104714393616,0.25968703627586365,0.2669636011123657,0.2742401957511902,0.2815167307853699,0.28879332542419434,0.2960698902606964,0.3033464550971985,0.31062301993370056,0.31789958477020264,0.3251761496067047,0.3324527442455292,0.33972930908203125,0.3470058739185333,0.3542824387550354],"_type":"histogram","values":[1,0,0,0,0,0,0,0,0,0,0,0,0,0,0,0,0,0,0,0,0,0,0,0,0,0,0,0,0,0,0,0,0,0,0,0,0,0,0,0,0,0,0,0,0,0,0,0,0,0,0,0,0,0,0,0,0,0,0,0,0,0,0,1]},"episode":2000,"epsilon":0.05,"parameters/net.2.bias":{"_type":"histogram","values":[1,0,1,0,0,0,0,0,0,0,0,0,0,0,0,0,1,0,0,0,1,1,0,2,1,1,0,0,0,0,1,0,0,1,1,1,0,0,1,0,0,0,0,0,0,3,0,0,0,0,0,0,0,1,1,0,0,0,0,0,0,0,0,1],