{"parameters/net.2.bias":{"values":[1,0,0,0,0,0,0,0,0,0,0,0,0,0,0,0,0,0,0,0,0,0,0,0,0,0,0,0,0,0,0,0,0,0,0,0,0,0,0,0,0,0,0,1,0,0,0,0,0,0,0,0,0,0,0,0,0,0,0,0,0,0,0,2],"bins":[0.3443669080734253,0.3462539613246918,0.34814104437828064,0.3500280976295471,0.3519151508808136,0.3538022041320801,0.35568928718566895,0.3575763404369354,0.3594633936882019,0.36135047674179077,0.36323752999305725,0.36512458324432373,0.3670116662979126,0.3688987195491791,0.37078577280044556,0.37267282605171204,0.3745599091053009,0.3764469623565674,0.37833401560783386,0.38022109866142273,0.3821081519126892,0.3839952051639557,0.38588225841522217,0.38776934146881104,0.3896563947200775,0.391543447971344,0.39343053102493286,0.39531758427619934,0.3972046375274658,0.3990917205810547,0.40097877383232117,0.40286582708358765,0.4047529101371765,0.406639963388443,0.4085270166397095,0.41041406989097595,0.4123011529445648,0.4141882061958313,0.4160752594470978,0.41796234250068665,0.4198493957519531,0.4217364490032196,0.4236235022544861,0.42551058530807495,0.42739763855934143,0.4292846918106079,0.4311717748641968,0.43305882811546326,0.43494588136672974,0.4368329644203186,0.4387200176715851,0.44060707092285156,0.44249412417411804,0.4443812072277069,0.4462682604789734,0.44815531373023987,0.45004239678382874,0.4519294500350952,0.4538165032863617,0.4557035565376282,0.45759063959121704,0.4594776928424835,0.46136474609375,0.46325182914733887,0.46513888239860535],"_type":"histogram"},"episode":5000,"eval_reward":1,"_wandb":{"runtime":195},"_timestamp":1.750161163276286e+09,"eval_video":{"size":2449,"path":"media/videos/eval_video_77439_6cdaf2d3ab526de341c1.mp4","width":192,"height":192,"_type":"video-file","sha256":"6cdaf2d3ab526de341c10fc0072ff6682f328bbfe125082a96909f115bf68e13"},"epsilon":0.05,"parameters/net.0.weight":{"values":[1,0,0,1,3,3,7,9,2,3,7,7,7,43,40,46,56,68,54,70,58,53,81,75,54,60,68,66,40,51,49,64,45,43,38,43,21,17,16,16,9,8,7,7,3,3,7,2,1,1,1,2,1,1,0,0,0,0,0,0,0,1,0,1],"bins":[-0.35089945793151855,-0.33672842383384705,-0.3225574195384979,-0.3083863854408264,-0.2942153811454773,-0.2800443470478058,-0.2658733129501343,-0.25170230865478516,-0.23753127455711365,-0.22336025536060333,-0.20918923616409302,-0.1950182020664215,-0.1808471828699112,-0.16667616367340088,-0.15250512957572937,-0.13833411037921906,-0.12416309118270874,-0.10999207198619843,-0.09582105278968811,-0.0816500186920166,-0.06747901439666748,-0.05330798029899597,-0.03913694620132446,-0.024965941905975342,-0.010794907808303833,0.0033761262893676758,0.017547130584716797,0.031718164682388306,0.045889198780059814,0.060060203075408936,0.07423123717308044,0.08840224146842957,0.10257327556610107,0.11674430966377258,0.1309153139591217,0.1450863480567932,0.15925735235214233,0.17342838644981384,0.18759942054748535,0.20177042484283447,0.21594145894050598,0.2301124930381775,0.2442834973335266,0.2584545314311981,0.27262556552886963,0.28679656982421875,0.30096760392189026,0.31513863801956177,0.3293096423149109,0.34348064661026,0.3576516807079315,0.371822714805603,0.38599371910095215,0.40016475319862366,0.41433578729629517,0.4285067915916443,0.4426778256893158,0.4568488597869873,0.4710198640823364,0.48519089818000793,0.49936193227767944,0.5135329365730286,0.5277039408683777,0.5418750047683716,0.5560460090637207],"_type":"histogram"},"gradients/net.2.bias":{"bins":[-0.00023936666548252106,-0.0002338108024559915,-0.00022825493942946196,-0.0002226990764029324,-0.00021714321337640285,-0.0002115873503498733,-0.00020603148732334375,-0.0002004756242968142,-0.00019491976127028465,-0.0001893638982437551,-0.00018380803521722555,-0.000178252172190696,-0.00017269630916416645,-0.0001671404461376369,-0.00016158458311110735,-0.0001560287200845778,-0.00015047285705804825,-0.0001449169940315187,-0.00013936113100498915,-0.0001338052679784596,-0.00012824940495193005,-0.0001226935419254005,-0.00011713767889887094,-0.0001115818158723414,-0.00010602595284581184,-0.0001004700898192823,-9.491422679275274e-05,-8.935836376622319e-05,-8.380250073969364e-05,-7.824663771316409e-05,-7.269077468663454e-05,-6.713491166010499e-05,-6.157904863357544e-05,-5.602318560704589e-05,-5.046732258051634e-05,-4.491145955398679e-05,-3.935559652745724e-05,-3.379973350092769e-05,-2.8243870474398136e-05,-2.2688007447868586e-05,-1.7132144421339035e-05,-1.1576281394809484e-05,-6.020418368279934e-06,-4.645553417503834e-07,5.091307684779167e-06,1.0647170711308718e-05,1.6203033737838268e-05,2.175889676436782e-05,2.731475979089737e-05,3.287062281742692e-05,3.842648584395647e-05,4.398234887048602e-05,4.953821189701557e-05,5.509407492354512e-05,6.064993795007467e-05,6.620580097660422e-05,7.176166400313377e-05,7.731752702966332e-05,8.287339005619287e-05,8.842925308272243e-05,9.398511610925198e-05,9.954097913578153e-05,0.00010509684216231108,0.00011065270518884063,0.00011620856821537018],"_type":"histogram","values":[1,0,0,0,0,0,0,0,0,0,0,0,0,0,0,0,0,0,0,0,0,0,0,0,0,0,0,0,0,0,0,0,0,0,0,0,0,0,0,0,0,0,0,0,0,0,0,0,0,0,0,0,0,0,0,1,0,0,0,0,0,1,0,1]},"_step":89626,"reward":1,"gradients/net.2.weight":{"_type":"histogram","values":[1,0,0,0,0,0,0,0,0,0,0,0,1,0,0,1,0,2,1,0,0,0,0,0,1,0,0,0,1,0,0,0,0,0,0,1,0,0,0,0,0,124,0,2,1,1,4,0,2,2,3,1,2,2,0,1,0,3,2,0,0,0,0,1],"bins":[-0.00015433171938639134,-0.00015062466263771057,-0.00014691762044094503,-0.00014321056369226426,-0.0001395035069435835,-0.00013579646474681795,-0.00013208940799813718,-0.0001283823512494564,-0.00012467530905269086,-0.00012096825230401009,-0.00011726119555532932,-0.00011355414608260617,-0.00010984709660988301,-0.00010614003986120224,-0.00010243299038847908,-9.872594091575593e-05,-9.501888416707516e-05,-9.1311834694352e-05,-8.760478522162884e-05,-8.389772847294807e-05,-8.019067900022492e-05,-7.648362952750176e-05,-7.277657277882099e-05,-6.906952330609784e-05,-6.536247383337468e-05,-6.165541708469391e-05,-5.794836761197075e-05,-5.4241318139247596e-05,-5.0534261390566826e-05,-4.682721191784367e-05,-4.3120162445120513e-05,-3.941310569643974e-05,-3.570605622371659e-05,-3.199900675099343e-05,-2.829195000231266e-05,-2.4584900529589504e-05,-2.0877851056866348e-05,-1.7170794308185577e-05,-1.3463744835462421e-05,-9.756695362739265e-06,-6.0496386140584946e-06,-2.3425891413353384e-06,1.3644603313878179e-06,5.071517080068588e-06,8.778566552791744e-06,1.24856160255149e-05,1.619267277419567e-05,1.9899722246918827e-05,2.360677535762079e-05,2.7313828468322754e-05,3.102087794104591e-05,3.4727931051747873e-05,3.843498416244984e-05,4.214203363517299e-05,4.5849086745874956e-05,4.955613985657692e-05,5.3263189329300076e-05,5.697024244000204e-05,6.0677295550704e-05,6.438434502342716e-05,6.809140177210793e-05,7.179845124483109e-05,7.550550071755424e-05,7.921255746623501e-05,8.291960693895817e-05]},"parameters/net.2.weight":{"values":[1,0,0,0,0,0,0,0,0,0,0,0,0,0,0,0,0,0,0,0,0,0,2,1,1,3,3,2,2,2,3,6,2,4,10,8,9,16,9,5,7,6,0,8,3,9,9,1,4,2,2,2,2,5,1,4,3,1,1,0,0,0,0,1],