{"eval_reward":1,"gradients/net.0.bias":{"bins":[0,6.202392796694767e-06,1.2404785593389533e-05,1.86071774805896e-05,2.4809571186779067e-05,3.1011964892968535e-05,3.72143549611792e-05,4.3416748667368665e-05,4.9619142373558134e-05,5.58215360797476e-05,6.202392978593707e-05,6.822631985414773e-05,7.44287099223584e-05,8.063110726652667e-05,8.683349733473733e-05,9.30358946789056e-05,9.923828474711627e-05,0.00010544067481532693,0.0001116430721594952,0.00011784546222770587,0.00012404785957187414,0.0001302502496400848,0.00013645263970829546,0.00014265502977650613,0.0001488574198447168,0.00015505982446484268,0.00016126221453305334,0.000167464604601264,0.00017366699466947466,0.00017986938473768532,0.0001860717893578112,0.00019227417942602187,0.00019847656949423254,0.0002046789595624432,0.00021088134963065386,0.00021708375425077975,0.0002232861443189904,0.00022948853438720107,0.00023569092445541173,0.0002418933145236224,0.0002480957191437483,0.0002542980946600437,0.0002605004992801696,0.0002667029039002955,0.00027290527941659093,0.0002791076840367168,0.00028531005955301225,0.00029151246417313814,0.0002977148396894336,0.00030391724430955946,0.00031011964892968535,0.0003163220244459808,0.0003225244290661067,0.00032872683368623257,0.000334929209202528,0.0003411316138226539,0.0003473339893389493,0.0003535363939590752,0.00035973876947537065,0.00036594117409549654,0.0003721435787156224,0.00037834595423191786,0.00038454835885204375,0.0003907507343683392,0.00039695313898846507],"_type":"histogram","values":[1,0,0,0,0,0,0,0,0,0,0,0,0,0,0,0,0,0,0,0,0,0,0,0,0,0,0,0,0,0,0,0,0,0,0,0,0,0,0,0,0,0,0,0,0,0,0,0,0,0,0,0,0,0,0,0,0,0,0,0,0,0,0,1]},"epsilon":0.05,"parameters/net.4.bias":{"_type":"histogram","values":[1,1,0,0,0,0,0,0,0,0,0,0,0,0,0,0,0,0,0,0,0,0,0,0,0,0,0,0,1,0,0,0,0,0,0,0,0,0,0,0,0,0,0,0,0,0,0,0,0,0,0,0,0,0,0,0,0,0,0,0,0,0,0,1],"bins":[0.30985331535339355,0.31179529428482056,0.31373724341392517,0.3156791925430298,0.3176211714744568,0.3195631504058838,0.3215050995349884,0.323447048664093,0.32538902759552,0.327331006526947,0.32927295565605164,0.33121490478515625,0.33315688371658325,0.33509886264801025,0.33704081177711487,0.3389827609062195,0.3409247398376465,0.3428667187690735,0.3448086678981781,0.3467506170272827,0.3486925959587097,0.3506345748901367,0.35257652401924133,0.35451847314834595,0.35646045207977295,0.35840243101119995,0.36034438014030457,0.3622863292694092,0.3642283082008362,0.3661702871322632,0.3681122362613678,0.3700541853904724,0.3719961643218994,0.3739381432533264,0.37588009238243103,0.37782204151153564,0.37976402044296265,0.38170599937438965,0.38364794850349426,0.3855898976325989,0.3875318765640259,0.3894738554954529,0.3914158046245575,0.3933577537536621,0.3952997326850891,0.3972417116165161,0.3991836607456207,0.40112560987472534,0.40306758880615234,0.40500956773757935,0.40695151686668396,0.4088934659957886,0.4108354449272156,0.4127774238586426,0.4147193729877472,0.4166613221168518,0.4186033010482788,0.4205452799797058,0.4224872291088104,0.42442917823791504,0.42637115716934204,0.42831313610076904,0.43025508522987366,0.43219703435897827,0.4341390132904053]},"reward":1,"gradients/net.4.bias":{"values":[1,0,0,0,0,0,0,0,0,0,0,0,0,0,0,0,0,0,0,0,0,0,0,0,0,0,0,0,0,1,0,0,0,0,0,0,0,0,0,0,0,0,0,0,0,0,0,0,0,0,0,0,0,0,0,0,0,0,0,0,0,1,0,1],"bins":[-0.0062321946024894714,-0.006148212589323521,-0.006064231041818857,-0.005980249494314194,-0.005896267481148243,-0.005812285467982292,-0.005728303920477629,-0.005644322372972965,-0.0055603403598070145,-0.005476358346641064,-0.0053923767991364,-0.005308395251631737,-0.005224413238465786,-0.005140431225299835,-0.005056449677795172,-0.004972468130290508,-0.0048884861171245575,-0.004804504103958607,-0.004720522556453943,-0.00463654100894928,-0.004552558995783329,-0.004468576982617378,-0.004384595435112715,-0.004300613887608051,-0.0042166318744421005,-0.00413264986127615,-0.004048668313771486,-0.003964686766266823,-0.003880704753100872,-0.003796722972765565,-0.003712741192430258,-0.0036287594120949507,-0.0035447776317596436,-0.0034607958514243364,-0.0033768140710890293,-0.003292832290753722,-0.003208850510418415,-0.003124868730083108,-0.003040886949747801,-0.0029569051694124937,-0.0028729233890771866,-0.0027889416087418795,-0.0027049598284065723,-0.0026209780480712652,-0.002536996267735958,-0.002453014487400651,-0.002369032707065344,-0.0022850509267300367,-0.0022010691463947296,-0.0021170873660594225,-0.0020331055857241154,-0.0019491238053888083,-0.0018651420250535011,-0.001781160244718194,-0.0016971784643828869,-0.0016131966840475798,-0.0015292149037122726,-0.0014452331233769655,-0.0013612513430416584,-0.0012772695627063513,-0.0011932877823710442,-0.001109306002035737,-0.00102532422170043,-0.0009413424413651228,-0.0008573606610298157],"_type":"histogram"},"_timestamp":1.7504214375152612e+09,"_wandb":{"runtime":209},"parameters/net.2.bias":{"_type":"histogram","values":[1,0,1,0,0,1,0,0,0,0,0,0,0,0,0,1,0,0,1,1,0,1,1,1,0,0,0,1,1,0,0,1,2,0,0,0,0,0,0,0,0,1,0,0,0,1,0,0,0,0,0,0,0,0,0,1,0,1,1,0,0,0,0,1],"bins":[-0.6277246475219727,-0.6084778308868408,-0.589231014251709,-0.5699842572212219,-0.5507374405860901,-0.5314906239509583,-0.5122438073158264,-0.4929969906806946,-0.47375020384788513,-0.4545034170150757,-0.43525660037994385,-0.416009783744812,-0.3967629671096802,-0.3775161802768707,-0.3582693636417389,-0.33902257680892944,-0.3197757601737976,-0.30052894353866577,-0.2812821567058563,-0.2620353400707245,-0.24278855323791504,-0.2235417366027832,-0.20429491996765137,-0.18504813313484192,-0.16580131649971008,-0.14655449986457825,-0.1273077130317688,-0.10806089639663696,-0.08881407976150513,-0.06956726312637329,-0.05032050609588623,-0.031073689460754395,-0.011826813220977783,0.007420003414154053,0.02666682004928589,0.04591357707977295,0.06516039371490479,0.08440721035003662,0.10365402698516846,0.1229008138179779,0.14214763045310974,0.16139444708824158,0.18064123392105103,0.19988805055618286,0.2191348671913147,0.23838165402412415,0.257628470659256,0.27687525749206543,0.29612207412719727,0.3153688907623291,0.33461567759513855,0.3538624942302704,0.37310928106307983,0.39235609769821167,0.4116029143333435,0.43084973096847534,0.4500965178012848,0.46934330463409424,0.4885901212692261,0.5078369379043579,0.5270837545394897,0.5463305711746216,0.5655773282051086,0.5848241448402405,0.6040709614753723]},"parameters/net.4.weight":{"bins":[-2.2421884536743164,-2.1581101417541504,-2.0740318298339844,-1.9899535179138184,-1.9058752059936523,-1.8217968940734863,-1.7377185821533203,-1.6536402702331543,-1.5695619583129883,-1.4854836463928223,-1.4014053344726562,-1.3173270225524902,-1.2332487106323242,-1.1491703987121582,-1.0650920867919922,-0.9810137748718262,-0.8969354629516602,-0.8128571510314941,-0.7287788391113281,-0.6447005271911621,-0.5606222152709961,-0.4765439033508301,-0.39246559143066406,-0.30838727951049805,-0.22430896759033203,-0.14023065567016602,-0.05615234375,0.027925968170166016,0.11200428009033203,0.19608259201049805,0.28016090393066406,0.3642392158508301,0.4483177661895752,0.5323960781097412,0.6164743900299072,0.7005527019500732,0.7846310138702393,0.8687093257904053,0.9527876377105713,1.0368659496307373,1.1209442615509033,1.2050225734710693,1.2891008853912354,1.3731791973114014,1.4572575092315674,1.5413358211517334,1.6254141330718994,1.7094924449920654,1.7935707569122314,1.8776490688323975,1.9617273807525635,2.0458056926727295,2.1298840045928955,2.2139623165130615,2.2980406284332275,2.3821189403533936,2.4661972522735596,2.5502755641937256,2.6343538761138916,2.7184321880340576,2.8025104999542236,2.8865888118743896,2.9706671237945557,3.0547454357147217,3.1388237476348877],"_type":"histogram","values":[1,0,0,0,0,0,0,0,0,0,0,1,0,0,0,0,0,1,0,0,0,0,1,2,15,2,4,5,16,10,7,4,3,2,1,1,0,0,1,0,0,0,0,0,1,0,0,0,0,0,0,0,0,1,0,0,0,0,0,0,0,0,0,1]},"parameters/net.0.weight":{"_type":"histogram","values":[1,0,1,1,0,0,0,0,0,0,0,1,0,0,0,0,1,0,1,0,3,5,1,2,2,3,2,7,4,4,1,5,2,1,0,4,0,0,0,1,1,1,0,1,0,0,0,1,0,1,2,0,2,3,2,1,3,0,0,0,0,0,0,1],