{"_timestamp":1.7501579393710976e+09,"_runtime":0.6314344,"_step":0,"episode":1,"reward":0,"_wandb":{"runtime":0},"epsilon":0.995}