{"gradients/net.2.bias":{"_type":"histogram","values":[1,0,0,0,1,0,0,1,0,0,0,0,0,0,0,0,0,0,0,0,0,0,0,0,0,0,0,0,0,0,0,0,0,0,0,0,0,0,0,0,0,0,0,0,0,0,0,0,0,0,0,0,0,0,0,0,0,0,0,0,0,0,0,1],"bins":[-0.0021102139726281166,-0.0018452269723638892,-0.0015802399720996618,-0.0013152529718354344,-0.001050265971571207,-0.0007852789713069797,-0.0005202919710427523,-0.0002553049707785249,9.682029485702515e-06,0.0002746689133346081,0.0005396560300141573,0.0008046431466937065,0.001069630030542612,0.0013346169143915176,0.0015996040310710669,0.001864591147750616,0.0021295780315995216,0.002394564915448427,0.0026595517992973328,0.0029245391488075256,0.003189526032656431,0.0034545129165053368,0.0037195002660155296,0.003984487149864435,0.004249474033713341,0.004514460917562246,0.004779447801411152,0.005044435150921345,0.00530942203477025,0.005574408918619156,0.005839396268129349,0.006104382686316967,0.006369369104504585,0.006634356454014778,0.006899342872202396,0.007164330221712589,0.007429317105561495,0.0076943039894104,0.007959291338920593,0.008224278688430786,0.008489265106618404,0.008754251524806023,0.009019238874316216,0.009284226223826408,0.009549213573336601,0.00981419999152422,0.010079187341034412,0.01034417375922203,0.010609161108732224,0.010874148458242416,0.011139134876430035,0.011404122225940228,0.011669108644127846,0.011934095993638039,0.012199083343148232,0.012464070692658424,0.012729057110846043,0.012994044460356236,0.013259030878543854,0.013524018228054047,0.01378900557756424,0.014053991995751858,0.01431897934526205,0.014583965763449669,0.014848953112959862]},"_timestamp":1.7495574989866793e+09,"parameters/net.0.weight":{"values":[2,0,1,0,0,0,1,1,1,2,1,0,1,0,3,1,0,4,0,3,2,0,2,3,0,3,6,3,5,7,2,5,4,5,2,5,4,7,4,5,5,2,0,4,2,1,4,3,1,2,0,2,0,1,2,0,1,0,0,0,1,1,0,1],"bins":[-0.8593690395355225,-0.835593581199646,-0.8118180632591248,-0.7880426049232483,-0.764267086982727,-0.7404916286468506,-0.7167161703109741,-0.6929407119750977,-0.6691651940345764,-0.6453896760940552,-0.6216142177581787,-0.5978387594223022,-0.5740633010864258,-0.5502877831459045,-0.5265123248100281,-0.5027368068695068,-0.47896134853363037,-0.4551858603954315,-0.43141037225723267,-0.4076349139213562,-0.38385942578315735,-0.3600839376449585,-0.33630847930908203,-0.3125329613685608,-0.2887575030326843,-0.26498204469680786,-0.24120652675628662,-0.21743106842041016,-0.1936556100845337,-0.16988009214401245,-0.146104633808136,-0.12232911586761475,-0.09855371713638306,-0.07477825880050659,-0.05100274085998535,-0.027227282524108887,-0.0034517645835876465,0.02032369375228882,0.04409915208816528,0.06787467002868652,0.09165012836456299,0.11542558670043945,0.1392011046409607,0.16297656297683716,0.186752051115036,0.21052753925323486,0.23430299758911133,0.2580784857273102,0.28185397386550903,0.3056294620037079,0.32940495014190674,0.3531804084777832,0.37695589661598206,0.4007313847541809,0.4245068430900574,0.4482823312282562,0.4720578193664551,0.49583330750465393,0.5196087956428528,0.5433842539787292,0.5671597719192505,0.590935230255127,0.6147106885910034,0.6384862065315247,0.6622616648674011],"_type":"histogram"},"gradients/net.2.weight":{"_type":"histogram","values":[4,1,1,7,13,220,0,0,1,0,0,0,1,0,1,1,0,0,0,0,0,1,0,0,0,0,0,0,1,1,0,0,0,0,0,0,0,0,0,1,0,1,0,0,0,0,0,0,0,0,0,0,0,0,0,0,0,0,0,0,0,0,0,1],"bins":[-0.0014274818822741508,-0.0011525186710059643,-0.0008775553433224559,-0.0006025920738466084,-0.0003276288043707609,-5.266559310257435e-05,0.00022229773458093405,0.0004972610622644424,0.000772224273532629,0.0010471874848008156,0.0013221506960690022,0.0015971141401678324,0.001872077351436019,0.0021470405627042055,0.0024220040068030357,0.0026969672180712223,0.002971930429339409,0.0032468936406075954,0.003521856851875782,0.0037968200631439686,0.004071783274412155,0.004346746951341629,0.004621710162609816,0.004896673373878002,0.005171636585146189,0.005446599796414375,0.005721563007682562,0.0059965262189507484,0.006271489895880222,0.006546452641487122,0.0068214163184165955,0.007096379064023495,0.007371343672275543,0.007646307349205017,0.007921270094811916,0.00819623377174139,0.00847119651734829,0.008746160194277763,0.009021123871207237,0.009296086616814137,0.009571049362421036,0.00984601303935051,0.010120976716279984,0.010395939461886883,0.010670903138816357,0.010945865884423256,0.01122082956135273,0.011495793238282204,0.011770755983889103,0.012045718729496002,0.012320682406425476,0.01259564608335495,0.01287060882896185,0.013145572505891323,0.013420535251498222,0.013695498928427696,0.01397046260535717,0.01424542535096407,0.014520389027893543,0.014795351773500443,0.015070315450429916,0.015345278196036816,0.01562024187296629,0.01589520461857319,0.016170168295502663]},"gradients/net.0.bias":{"bins":[-0.0001540356024634093,-0.00011295429430902004,-7.187298615463078e-05,-3.079167800024152e-05,1.0289630154147744e-05,5.1370938308537006e-05,9.245224646292627e-05,0.00013353355461731553,0.0001746148627717048,0.00021569617092609406,0.0002567774790804833,0.0002978587872348726,0.00033894009538926184,0.00038002143264748156,0.00042110271169804037,0.00046218399074859917,0.0005032652989029884,0.0005443466361612082,0.0005854279734194279,0.0006265091942623258,0.0006675905315205455,0.0007086718687787652,0.0007497532060369849,0.0007908344268798828,0.0008319157641381025,0.0008729971013963223,0.000914078438654542,0.0009551596594974399,0.0009962409967556596,0.0010373223340138793,0.0010784035548567772,0.001119484892114997,0.0011605662293732166,0.0012016475666314363,0.001242728903889656,0.001283810124732554,0.0013248914619907737,0.0013659727992489934,0.0014070540200918913,0.001448135357350111,0.0014892166946083307,0.0015302980318665504,0.0015713793691247702,0.001612460589967668,0.0016535419272258878,0.0016946232644841075,0.0017357044853270054,0.001776785822585225,0.0018178671598434448,0.0018589484971016645,0.0019000298343598843,0.0019411110552027822,0.0019821925088763237,0.0020232736133038998,0.0020643549505621195,0.002105436287820339,0.002146517625078559,0.0021875989623367786,0.0022286802995949984,0.002269761636853218,0.002310842741280794,0.002351924078539014,0.0023930054157972336,0.0024340867530554533,0.002475168090313673],"_type":"histogram","values":[2,2,1,48,1,0,0,0,0,0,0,0,0,0,0,0,0,0,0,0,0,0,0,0,0,1,0,0,0,0,0,0,0,0,0,0,1,1,0,0,0,0,0,0,0,0,0,0,0,1,0,0,0,0,1,2,0,0,0,2,0,0,0,1]},"_wandb":{"runtime":143},"parameters/net.2.bias":{"values":[1,0,0,0,0,0,0,0,0,0,0,0,0,0,0,0,0,0,0,0,0,0,0,1,0,0,0,0,0,0,0,0,0,1,0,0,0,0,0,0,0,0,0,0,0,0,0,0,0,0,0,0,0,0,0,0,0,0,0,0,0,0,0,1],"bins":[0.14783526957035065,0.14917442202568054,0.15051357448101044,0.15185272693634033,0.15319186449050903,0.15453101694583893,0.15587016940116882,0.15720932185649872,0.1585484743118286,0.15988761186599731,0.1612267643213272,0.1625659167766571,0.163905069231987,0.1652442216873169,0.1665833741426468,0.1679225116968155,0.16926166415214539,0.17060081660747528,0.17193996906280518,0.17327912151813507,0.17461827397346497,0.17595741152763367,0.17729656398296356,0.17863571643829346,0.17997486889362335,0.18131402134895325,0.18265315890312195,0.18399231135845184,0.18533146381378174,0.18667061626911163,0.18800976872444153,0.18934892117977142,0.19068807363510132,0.19202721118927002,0.19336636364459991,0.1947055160999298,0.1960446685552597,0.1973838210105896,0.1987229585647583,0.2000621110200882,0.2014012634754181,0.20274041593074799,0.20407956838607788,0.20541872084140778,0.20675787329673767,0.20809701085090637,0.20943616330623627,0.21077531576156616,0.21211446821689606,0.21345362067222595,0.21479275822639465,0.21613191068172455,0.21747106313705444,0.21881021559238434,0.22014936804771423,0.22148852050304413,0.22282765805721283,0.22416681051254272,0.22550596296787262,0.22684511542320251,0.2281842678785324,0.2295234203338623,0.230862557888031,0.2322017103433609,0.2335408627986908],"_type":"histogram"},"episode":5000,