{"reward":1,"_timestamp":1.750159475920875e+09,"parameters/net.2.weight":{"_type":"histogram","values":[1,0,0,0,0,0,0,0,1,0,0,0,0,0,0,1,1,1,2,2,2,0,1,2,2,1,1,3,2,3,3,1,3,1,1,4,2,3,4,2,3,1,3,3,3,3,3,1,0,0,0,2,1,2,1,1,0,1,0,0,0,0,0,2],"bins":[-0.43679457902908325,-0.42198261618614197,-0.40717068314552307,-0.3923587203025818,-0.3775467574596405,-0.3627347946166992,-0.3479228615760803,-0.33311089873313904,-0.31829893589019775,-0.30348700284957886,-0.2886750400066376,-0.2738630771636963,-0.2590511441230774,-0.24423916637897491,-0.22942721843719482,-0.21461525559425354,-0.19980330765247345,-0.18499135971069336,-0.17017939686775208,-0.1553674340248108,-0.1405555009841919,-0.1257435381412506,-0.11093157529830933,-0.09611961245536804,-0.08130767941474915,-0.06649571657180786,-0.05168375372886658,-0.03687182068824768,-0.022059857845306396,-0.007247895002365112,0.007564067840576172,0.02237600088119507,0.03718796372413635,0.05199992656707764,0.06681185960769653,0.08162382245063782,0.0964357852935791,0.11124774813652039,0.12605968117713928,0.14087164402008057,0.15568360686302185,0.17049553990364075,0.18530750274658203,0.20011946558952332,0.2149314284324646,0.2297433614730835,0.24455532431602478,0.25936728715896606,0.27417922019958496,0.28899118304252625,0.30380314588546753,0.3186150789260864,0.3334270715713501,0.348239004611969,0.3630509674549103,0.37786293029785156,0.39267486333847046,0.40748682618141174,0.422298789024353,0.4371107220649719,0.4519226849079132,0.4667346477508545,0.4815466105937958,0.4963585436344147,0.511170506477356]},"parameters/net.0.bias":{"values":[2,0,0,1,0,0,0,0,0,0,0,0,0,0,0,0,1,0,0,0,0,0,1,0,0,1,0,0,1,1,0,1,0,1,0,0,0,0,1,0,0,1,1,1,0,0,0,0,1,0,1,1,0,0,0,1,0,0,0,1,0,0,0,1],"bins":[-0.5549616813659668,-0.5364740490913391,-0.5179864168167114,-0.49949878454208374,-0.48101115226745605,-0.46252351999282837,-0.4440358877182007,-0.425548255443573,-0.4070606231689453,-0.3885729908943176,-0.37008535861968994,-0.35159772634506226,-0.3331100642681122,-0.3146224319934845,-0.2961347997188568,-0.2776471674442291,-0.25915953516960144,-0.24067190289497375,-0.22218427062034607,-0.20369663834571838,-0.1852090060710907,-0.166721373796463,-0.14823374152183533,-0.12974610924720764,-0.11125844717025757,-0.09277081489562988,-0.0742831826210022,-0.05579555034637451,-0.037307918071746826,-0.01882028579711914,-0.0003326535224914551,0.01815497875213623,0.036642611026763916,0.0551302433013916,0.07361787557601929,0.09210550785064697,0.11059314012527466,0.12908077239990234,0.14756840467453003,0.16605603694915771,0.1845436692237854,0.20303133130073547,0.22151896357536316,0.24000659584999084,0.25849422812461853,0.2769818603992462,0.2954694926738739,0.3139571249485016,0.3324447572231293,0.35093238949775696,0.36942002177238464,0.38790765404701233,0.40639528632164,0.4248829483985901,0.4433705806732178,0.46185821294784546,0.48034584522247314,0.49883347749710083,0.5173211097717285,0.5358087420463562,0.5542963743209839,0.5727840065956116,0.5912716388702393,0.6097592711448669,0.6282469034194946],"_type":"histogram"},"_wandb":{"runtime":108},"gradients/net.2.bias":{"values":[1,0,0,0,0,0,0,0,0,0,0,0,0,0,0,0,0,0,0,0,0,0,0,0,0,0,0,0,0,0,0,0,0,0,1,0,0,0,0,0,0,0,0,0,0,0,0,0,0,0,0,0,0,0,0,0,0,0,0,1,0,0,0,1],"bins":[-0.00041931215673685074,-0.00041129329474642873,-0.0004032744618598372,-0.0003952556289732456,-0.0003872367669828236,-0.0003792179049924016,-0.00037119907210581005,-0.0003631802392192185,-0.0003551613772287965,-0.00034714251523837447,-0.0003391236823517829,-0.00033110484946519136,-0.00032308598747476935,-0.00031506712548434734,-0.0003070482925977558,-0.00029902945971116424,-0.0002910105977207422,-0.0002829917357303202,-0.00027497290284372866,-0.0002669540699571371,-0.0002589352079667151,-0.0002509163459762931,-0.00024289751308970153,-0.00023487866565119475,-0.00022685981821268797,-0.0002188409707741812,-0.0002108221233356744,-0.00020280327589716762,-0.00019478442845866084,-0.00018676558102015406,-0.00017874673358164728,-0.00017072790069505572,-0.0001627090387046337,-0.0001546901767142117,-0.00014667134382762015,-0.00013865249638911337,-0.00013063364895060658,-0.0001226148015120998,-0.00011459595407359302,-0.00010657710663508624,-9.855825919657946e-05,-9.053941175807267e-05,-8.252056431956589e-05,-7.450171688105911e-05,-6.648286944255233e-05,-5.8464022004045546e-05,-5.0445174565538764e-05,-4.242632712703198e-05,-3.44074796885252e-05,-2.6388632250018418e-05,-1.8369784811511636e-05,-1.0350937373004854e-05,-2.3320899344980717e-06,5.68675750400871e-06,1.3705604942515492e-05,2.1724452381022274e-05,2.9743299819529057e-05,3.776214725803584e-05,4.578099469654262e-05,5.37998421350494e-05,6.181868957355618e-05,6.983753701206297e-05,7.785638445056975e-05,8.587523188907653e-05,9.389407932758331e-05],"_type":"histogram"},"gradients/net.2.weight":{"_type":"histogram","values":[1,0,0,0,1,0,0,0,0,0,0,0,0,0,0,0,0,0,0,1,0,0,1,0,0,1,0,0,0,0,0,1,0,0,3,0,0,1,0,1,1,0,1,1,1,2,0,1,1,2,1,3,36,1,5,2,4,1,3,0,1,1,0,1],"bins":[-0.00028351336368359625,-0.000278081075521186,-0.0002726488164626062,-0.00026721652830019593,-0.00026178426924161613,-0.00025635198107920587,-0.00025091972202062607,-0.0002454874338582158,-0.00024005516024772078,-0.00023462288663722575,-0.00022919061302673072,-0.00022375833941623569,-0.00021832606580574065,-0.00021289379219524562,-0.00020746150403283536,-0.00020202924497425556,-0.0001965969568118453,-0.0001911646977532655,-0.00018573240959085524,-0.0001803001359803602,-0.00017486786236986518,-0.00016943558875937015,-0.00016400331514887512,-0.00015857104153838009,-0.00015313876792788506,-0.00014770649431739002,-0.000142274220706895,-0.00013684193254448473,-0.0001314096589339897,-0.00012597738532349467,-0.00012054511171299964,-0.00011511283810250461,-0.00010968056449200958,-0.00010424829088151455,-9.881601727101952e-05,-9.338374366052449e-05,-8.795147005002946e-05,-8.251919643953443e-05,-7.708690827712417e-05,-7.165463466662914e-05,-6.62223610561341e-05,-6.0790087445639074e-05,-5.535781383514404e-05,-4.992554022464901e-05,-4.449326661415398e-05,-3.906099300365895e-05,-3.3628712117206305e-05,-2.8196438506711274e-05,-2.2764164896216244e-05,-1.7331891285721213e-05,-1.1899617675226182e-05,-6.467336788773537e-06,-1.0350631782785058e-06,4.397210432216525e-06,9.829484042711556e-06,1.5261761291185394e-05,2.0694034901680425e-05,2.6126308512175456e-05,3.1558585760649294e-05,3.6990859371144325e-05,4.2423132981639355e-05,4.7855410230113193e-05,5.3287683840608224e-05,5.871996108908206e-05,6.415223469957709e-05]},"eval_reward":1,