{"_wandb":{"runtime":16},"gradients/net.0.weight":{"values":[1,0,0,2,0,0,0,0,0,0,0,0,0,0,0,0,1,0,1,0,1,1,3,0,0,0,0,0,0,0,1,0,1,0,2,0,0,0,0,0,1,1,0,0,0,1,0,1,0,0,2,1,1,12,2,0,1,0,1,0,1,0,0,1],"bins":[-0.0034538679756224155,-0.003389715915545821,-0.003325563855469227,-0.0032614117953926325,-0.003197259735316038,-0.0031331079080700874,-0.0030689556151628494,-0.0030048037879168987,-0.0029406517278403044,-0.00287649966776371,-0.0028123476076871157,-0.0027481955476105213,-0.002684043487533927,-0.0026198914274573326,-0.0025557393673807383,-0.002491587307304144,-0.002427435480058193,-0.002363283187150955,-0.0022991313599050045,-0.00223497929982841,-0.002170827239751816,-0.0021066751796752214,-0.002042523119598627,-0.0019783710595220327,-0.0019142189994454384,-0.0018500670557841659,-0.0017859149957075715,-0.0017217629356309772,-0.0016576108755543828,-0.0015934588154777884,-0.001529306871816516,-0.0014651548117399216,-0.0014010029844939709,-0.0013368509244173765,-0.0012726988643407822,-0.0012085468042641878,-0.0011443947441875935,-0.001080242684110999,-0.0010160906240344048,-0.0009519386221654713,-0.0008877866785041988,-0.0008236346184276044,-0.0007594825583510101,-0.0006953304982744157,-0.0006311784381978214,-0.000567026378121227,-0.0005028744344599545,-0.00043872237438336015,-0.0003745703143067658,-0.00031041825423017144,-0.000246266252361238,-0.00018211419228464365,-0.00011796219041571021,-5.381013033911586e-05,1.0341929737478495e-05,7.449393160641193e-05,0.0001386459916830063,0.00020279802265577018,0.0002669500536285341,0.00033110211370512843,0.00039525414467789233,0.0004594061756506562,0.0005235582357272506,0.000587710237596184,0.0006518622976727784],"_type":"histogram"},"gradients/net.0.bias":{"values":[1,0,2,0,0,0,0,0,0,0,0,0,0,0,1,0,0,0,0,0,1,1,0,0,1,0,0,0,0,0,0,0,0,0,0,0,0,0,0,0,1,1,0,0,0,0,1,0,0,0,1,0,0,0,6,1,0,0,0,1,0,0,0,1],"bins":[-0.004630151204764843,-0.004544631578028202,-0.0044591124169528484,-0.0043735927902162075,-0.004288073163479567,-0.004202554002404213,-0.004117034375667572,-0.004031514748930931,-0.00394599512219429,-0.003860475728288293,-0.0037749563343822956,-0.0036894367076456547,-0.0036039173137396574,-0.00351839791983366,-0.003432878293097019,-0.003347358899191022,-0.0032618395052850246,-0.0031763198785483837,-0.0030908002518117428,-0.003005281090736389,-0.0029197614639997482,-0.0028342418372631073,-0.00274872244335711,-0.0026632030494511127,-0.002577683422714472,-0.0024921640288084745,-0.0024066444020718336,-0.0023211250081658363,-0.002235605614259839,-0.002150085987523198,-0.002064566593617201,-0.00197904696688056,-0.0018935275729745626,-0.0018080081790685654,-0.0017224885523319244,-0.0016369691584259272,-0.0015514495316892862,-0.001465930137783289,-0.0013804107438772917,-0.0012948911171406507,-0.0012093717232346535,-0.0011238520964980125,-0.0010383327025920153,-0.0009528131922706962,-0.0008672936819493771,-0.000781774171628058,-0.0006962547777220607,-0.0006107352674007416,-0.0005252157570794225,-0.00043969624675810337,-0.00035417673643678427,-0.000268657342530787,-0.0001831378322094679,-9.761832188814878e-05,-1.2098811566829681e-05,7.342064054682851e-05,0.0001589401508681476,0.0002444596611894667,0.0003299791133031249,0.000415498623624444,0.0005010181339457631,0.0005865375860594213,0.0006720570963807404,0.0007575765484943986,0.0008430960588157177],"_type":"histogram"},"episode":500,"epsilon":0.08157186144027828,"_step":501,"parameters/net.2.weight":{"values":[1,1,1,0,1,1,2,1,0,0,1,0,3,0,3,0,6,3,1,1,4,4,2,3,1,2,0,2,2,5,0,3,3,1,0,1,4,1,1,2,1,1,3,1,0,0,0,1,1,1,0,1,1,1,0,0,0,0,0,0,0,0,0,1],"bins":[-0.2132871150970459,-0.2020735889673233,-0.1908600628376007,-0.1796465367078781,-0.16843301057815552,-0.15721948444843292,-0.14600595831871033,-0.13479241728782654,-0.12357889860868454,-0.11236537247896194,-0.10115184634923935,-0.08993832021951675,-0.07872478663921356,-0.06751126050949097,-0.05629773437976837,-0.045084208250045776,-0.03387068212032318,-0.022657155990600586,-0.01144362986087799,-0.0002301037311553955,0.0109834223985672,0.022196948528289795,0.03341047465801239,0.044624000787734985,0.055837541818618774,0.06705105304718018,0.07826459407806396,0.08947810530662537,0.10069164633750916,0.11190515756607056,0.12311869859695435,0.13433220982551575,0.14554575085639954,0.15675929188728333,0.16797280311584473,0.17918634414672852,0.19039985537528992,0.2016133964061737,0.2128269076347351,0.2240404486656189,0.2352539598941803,0.2464675009250641,0.2576810121536255,0.2688945531845093,0.28010809421539307,0.29132160544395447,0.30253511667251587,0.31374865770339966,0.32496219873428345,0.33617570996284485,0.34738922119140625,0.35860276222229004,0.36981630325317383,0.38102981448173523,0.392243355512619,0.4034568667411804,0.4146704077720642,0.4258839190006256,0.4370974600315094,0.4483109712600708,0.4595245122909546,0.470738023519516,0.4819515645503998,0.4931650757789612,0.504378616809845],"_type":"histogram"},"reward":1,"final_place_maps_batch_0":{"width":1200,"height":1200,"_type":"image-file","sha256":"63dc19cf98bda0442130888d4f794d2594f7cfbbff4be3900c1aef36818c19af","size":80740,"path":"media/images/final_place_maps_batch_0_500_63dc19cf98bda0442130.png","format":"png"},"parameters/net.0.bias":{"values":[2,0,0,1,0,0,0,0,0,0,0,0,0,0,0,1,0,0,0,0,0,1,0,0,0,0,1,1,0,0,0,0,0,0,0,0,0,0,1,1,0,1,2,0,0,1,0,1,0,0,0,1,0,1,0,1,0,0,0,1,1,0,0,1],"bins":[-0.5549616813659668,-0.535816490650177,-0.5166712999343872,-0.4975261390209198,-0.4783809781074524,-0.4592357873916626,-0.4400905966758728,-0.420945405960083,-0.4018002450466156,-0.3826550841331482,-0.3635098934173584,-0.3443647027015686,-0.3252195119857788,-0.3060743510723114,-0.2869291603565216,-0.2677839994430542,-0.2486388087272644,-0.2294936180114746,-0.2103484570980072,-0.1912032663822174,-0.17205810546875,-0.1529129147529602,-0.1337677240371704,-0.114622563123703,-0.09547737240791321,-0.07633218169212341,-0.057187020778656006,-0.03804183006286621,-0.018896639347076416,0.0002485513687133789,0.0193936824798584,0.03853887319564819,0.057684123516082764,0.07682931423187256,0.09597450494766235,0.11511963605880737,0.13426482677459717,0.15341001749038696,0.17255520820617676,0.19170036911964417,0.21084555983543396,0.22999075055122375,0.24913591146469116,0.26828110218048096,0.28742629289627075,0.30657145380973816,0.32571664452552795,0.34486180543899536,0.36400699615478516,0.38315218687057495,0.40229734778404236,0.42144253849983215,0.44058769941329956,0.45973289012908936,0.47887808084487915,0.49802327156066895,0.517168402671814,0.5363135933876038,0.5554587841033936,0.5746039748191833,0.5937491655349731,0.6128943562507629,0.632039487361908,0.6511846780776978,0.6703298687934875],"_type":"histogram"},"gradients/net.2.bias":{"values":[1,0,0,0,0,0,0,0,0,0,0,0,0,0,0,0,0,0,0,0,0,0,0,0,0,0,0,0,0,0,0,0,0,0,0,0,0,0,0,0,0,0,0,0,0,0,0,0,0,0,0,0,0,0,0,0,1,0,0,0,1,0,0,1],