{"parameters/net.2.bias":{"bins":[-0.1980481743812561,-0.1913025975227356,-0.18455703556537628,-0.17781145870685577,-0.17106588184833527,-0.16432031989097595,-0.15757474303245544,-0.15082916617393494,-0.14408358931541443,-0.13733802735805511,-0.1305924504995346,-0.1238468810915947,-0.11710131168365479,-0.11035573482513428,-0.10361016541719437,-0.09686458855867386,-0.09011901915073395,-0.08337344974279404,-0.07662787288427353,-0.06988230347633362,-0.06313672661781311,-0.056391164660453796,-0.04964558780193329,-0.04290001094341278,-0.03615444898605347,-0.02940887212753296,-0.02266329526901245,-0.015917718410491943,-0.00917215645313263,-0.0024265795946121216,0.004318997263908386,0.0110645592212677,0.017810136079788208,0.024555712938308716,0.03130127489566803,0.03804685175418854,0.044792428612709045,0.05153799057006836,0.05828356742858887,0.06502914428710938,0.07177472114562988,0.0785202831029892,0.0852658599615097,0.09201143682003021,0.09875699877738953,0.10550257563591003,0.11224814504384995,0.11899372190237045,0.12573929131031036,0.13248485326766968,0.13923043012619019,0.1459760069847107,0.1527215838432312,0.1594671607017517,0.16621272265911102,0.17295829951763153,0.17970386147499084,0.18644943833351135,0.19319501519203186,0.19994059205055237,0.20668615400791168,0.2134317308664322,0.2201773077249527,0.226922869682312,0.23366844654083252],"_type":"histogram","values":[1,0,0,1,0,0,0,1,0,0,1,1,2,1,1,3,0,2,2,0,2,2,0,0,2,3,2,0,1,2,2,1,3,1,6,3,1,0,2,1,2,3,2,0,1,0,1,1,0,1,0,1,0,0,1,0,0,0,0,0,0,0,0,1]},"parameters/net.0.bias":{"values":[3,1,2,1,2,2,0,2,1,0,0,1,0,0,1,2,1,0,1,2,0,1,1,0,2,2,1,4,3,1,1,1,0,0,1,0,3,0,0,1,1,4,1,0,1,1,1,1,1,0,1,0,0,0,0,2,1,0,0,2,0,1,1,1],"bins":[-0.6745016574859619,-0.6537750959396362,-0.6330485939979553,-0.6123220324516296,-0.5915955305099487,-0.570868968963623,-0.5501424670219421,-0.5294159054756165,-0.5086894035339355,-0.48796284198760986,-0.46723631024360657,-0.44650977849960327,-0.4257832169532776,-0.4050566852092743,-0.384330153465271,-0.3636036217212677,-0.3428770899772644,-0.3221505582332611,-0.3014240264892578,-0.2806974947452545,-0.2599709630012512,-0.23924440145492554,-0.21851786971092224,-0.19779133796691895,-0.17706480622291565,-0.15633827447891235,-0.13561171293258667,-0.11488521099090576,-0.09415864944458008,-0.07343214750289917,-0.052705585956573486,-0.03197908401489258,-0.01125246286392212,0.009474098682403564,0.030200600624084473,0.050927162170410156,0.07165366411209106,0.09238022565841675,0.11310672760009766,0.13383328914642334,0.15455982089042664,0.17528635263442993,0.19601288437843323,0.21673941612243652,0.2374659776687622,0.2581925094127655,0.2789190411567688,0.2996455729007721,0.3203721046447754,0.3410986363887787,0.361825168132782,0.3825516998767853,0.4032782316207886,0.42400479316711426,0.44473132491111755,0.46545785665512085,0.48618438839912415,0.5069109201431274,0.5276374816894531,0.548363983631134,0.5690905451774597,0.5898170471191406,0.6105436086654663,0.6312701106071472,0.6519966721534729],"_type":"histogram"},"gradients/net.2.weight":{"values":[1,0,0,0,0,0,0,0,0,1,1,1,0,0,0,0,0,2,0,1,0,1,0,1,2,2,1,1,1,1,3,3,3,3,3,3,3,5,2,3,8,3,3,2,5,5,4,2,4,1,7,4,9,9,6,10,17,17,15,22,25,35,45,3790],"bins":[-0.004838593304157257,-0.004762732423841953,-0.0046868715435266495,-0.004611011128872633,-0.004535150248557329,-0.004459289368242025,-0.004383428487926722,-0.004307567607611418,-0.004231707192957401,-0.0041558463126420975,-0.004079985432326794,-0.00400412455201149,-0.003928263671696186,-0.0038524032570421696,-0.0037765423767268658,-0.003700681496411562,-0.003624820616096258,-0.003548959968611598,-0.003473099321126938,-0.003397238440811634,-0.0033213775604963303,-0.0032455166801810265,-0.0031696560326963663,-0.003093795385211706,-0.0030179345048964024,-0.0029420736245810986,-0.0028662129770964384,-0.0027903520967811346,-0.002714491216465831,-0.0026386305689811707,-0.002562769688665867,-0.0024869090411812067,-0.0024110479280352592,-0.0023351870477199554,-0.0022593264002352953,-0.0021834655199199915,-0.0021076048724353313,-0.0020317439921200275,-0.0019558831118047237,-0.0018800224643200636,-0.0018041615840047598,-0.0017283008201047778,-0.0016524400562047958,-0.0015765792923048139,-0.0015007185284048319,-0.00142485776450485,-0.001348996884189546,-0.0012731361202895641,-0.0011972753563895822,-0.0011214145924896002,-0.0010455538285896182,-0.0009696929482743144,-0.0008938321843743324,-0.0008179714204743505,-0.0007421106565743685,-0.0006662498344667256,-0.0005903890705667436,-0.0005145283066667616,-0.00043866748455911875,-0.00036280672065913677,-0.00028694592765532434,-0.0002110851346515119,-0.0001352243561996147,-5.9363570471759886e-05,1.649721343710553e-05],"_type":"histogram"},"gradients/net.4.weight":{"bins":[-0.01677115261554718,-0.016509102657437325,-0.016247054561972618,-0.015985004603862762,-0.015722956508398056,-0.0154609065502882,-0.015198856592178345,-0.014936807565391064,-0.014674758538603783,-0.014412709511816502,-0.01415066048502922,-0.013888610526919365,-0.013626561500132084,-0.013364512473344803,-0.013102462515234947,-0.012840413488447666,-0.012578364461660385,-0.012316315434873104,-0.012054266408085823,-0.011792216449975967,-0.011530167423188686,-0.011268118396401405,-0.01100606843829155,-0.010744019411504269,-0.010481970384716988,-0.010219921357929707,-0.009957872331142426,-0.00969582237303257,-0.009433773346245289,-0.009171724319458008,-0.008909674361348152,-0.008647625334560871,-0.00838557630777359,-0.008123527280986309,-0.007861478254199028,-0.007599428296089172,-0.007337379269301891,-0.00707533024251461,-0.006813280750066042,-0.006551231257617474,-0.0062891822308301926,-0.0060271332040429115,-0.005765083711594343,-0.005503034219145775,-0.005240985192358494,-0.004978936165571213,-0.004716886673122644,-0.004454837180674076,-0.004192788153886795,-0.003930739127099514,-0.0036686896346509457,-0.003406640375033021,-0.0031445911154150963,-0.0028825418557971716,-0.002620492596179247,-0.002358443336561322,-0.0020963940769433975,-0.0018343448173254728,-0.0015722955577075481,-0.0013102462980896235,-0.0010481970384716988,-0.0007861477788537741,-0.0005240985192358494,-0.0002620492596179247,0],"_type":"histogram","values":[1,0,0,0,0,0,0,0,0,0,0,0,0,0,0,0,0,0,1,0,0,0,0,0,0,1,1,1,0,0,0,0,0,0,0,1,0,1,2,0,0,3,0,0,1,2,1,1,3,3,3,4,1,2,3,0,0,0,0,0,0,0,3,217]},"parameters/net.4.bias":{"bins":[0.06076721474528313,0.06293423473834991,0.0651012510061264,0.0672682672739029,0.06943528354167938,0.07160230726003647,0.07376932352781296,0.07593633979558945,0.07810336351394653,0.08027037978172302,0.08243739604949951,0.084604412317276,0.08677142858505249,0.08893845230340958,0.09110546857118607,0.09327249228954315,0.09543950855731964,0.09760652482509613,0.09977354109287262,0.10194055736064911,0.1041075736284256,0.10627458989620209,0.10844161361455917,0.11060863733291626,0.11277565360069275,0.11494266986846924,0.11710968613624573,0.11927670240402222,0.1214437186717987,0.1236107349395752,0.12577776610851288,0.12794478237628937,0.13011179864406586,0.13227881491184235,0.13444583117961884,0.13661286234855652,0.138779878616333,0.1409468948841095,0.143113911151886,0.14528092741966248,0.14744794368743896,0.14961495995521545,0.15178197622299194,0.15394899249076843,0.15611600875854492,0.1582830250263214,0.1604500561952591,0.16261707246303558,0.16478408873081207,0.16695110499858856,0.16911812126636505,0.17128513753414154,0.17345216870307922,0.1756191849708557,0.1777862012386322,0.1799532175064087,0.18212023377418518,0.18428725004196167,0.18645426630973816,0.18862128257751465,0.19078829884529114,0.19295533001422882,0.1951223462820053,0.1972893625497818,0.1994563788175583],"_type":"histogram","values":[1,0,0,0,0,0,0,0,0,0,0,0,0,0,0,0,0,0,0,0,0,0,0,0,0,0,0,0,0,0,0,0,0,0,0,0,0,0,0,0,0,0,0,0,0,0,0,1,0,0,0,0,0,0,0,1,0,0,0,0,0,0,0,1]},"_wandb":{"runtime":55},"reward":1,"parameters/net.2.weight":{"_type":"histogram",